星级	名字	介绍	其他	网址	电话
5	芜湖天泰国际酒店	芜湖天泰国际酒店位于芜湖市两站广场，毗邻汽车站、火车站，距芜宣高速出入口仅10分钟车程，交通便利。	['开业：2013', '客房数：462']	https://hotels.ctrip.com/hotels/detail/?hotelId=1081257	联系方式：0553-3993888
5	马鞍山富力万达嘉华酒店	马鞍山富力万达嘉华酒店地处太白大道，毗邻大型综合购物中心马鞍山万达广场，信步可达周边娱乐休闲场所，与市政府、马钢总公司仅一步之遥，地理位置十分优越。	['开业：2014', '客房数：259']	https://hotels.ctrip.com/hotels/detail/?hotelId=1225627	联系方式：0555-5219999
5	六安皖西宾馆	六安皖西宾馆，地处安徽六安，主楼21层，建筑面积达到40000平方米，240套设计时尚的客房，配有专为商务人士量身打造的5层行政楼层和行政酒廊，所有客房均配有中央空调、独立浴室、冰柜、迷你酒吧、吹风机、电子保险箱、国际卫星电视、国际国内直拨电话、宽带上网、设备齐全的商务中心拥有国际互联网及专业周到的秘书服务；特设残疾人士专用客房和专用设施。10间多功能会议室为您提供一流的音响设备，可同时容纳1200人同时进餐的各类餐厅是会议和宴请的上佳选择。	['开业：2008', '装修时间：2019', '客房数：240']	https://hotels.ctrip.com/hotels/detail/?hotelId=1287612	联系方式：0564-3681818
5	合肥绿地福朋喜来登酒店	合肥绿地福朋喜来登酒店位于合肥市政府所在区的新城CBD中心，潜山路与休宁路交口，毗邻合肥市政府、合肥奥林匹克体育中心、合肥大剧院、万象城、安徽省博物院和安徽省广电中心。四周写字楼林立，环绕集购物商场、餐饮、娱乐、休闲等功能为一体的设施，如天鹅湖万达广场、万象城、新地Mall购物中心以及银泰城。	['开业：2014', '客房数：270']	https://hotels.ctrip.com/hotels/detail/?hotelId=1293666	联系方式：0551-65218888
5	芜湖悦圆方酒店	芜湖悦圆方酒店坐落于美丽的芜湖市经济技术开发区中心的“银湖”之畔——越秀路，临近芜合高速长江大桥收费站出口，交通便利。	['开业：2014', '客房数：370']	https://hotels.ctrip.com/hotels/detail/?hotelId=1314956	联系方式：0553-2882222
5	九华山阿尔卡迪亚温泉度假酒店	九华山阿尔卡迪亚温泉度假酒店（原九华山荣玺庄园温泉度假酒店），酒店整体建筑以汉唐风格为主，结合现代园林工艺，打造独具九华山禅意的高品质文化品牌。酒店总占地面积650亩，其中客房建筑面积5万多平米，拥有342间风格独特的客房，包含商务客房310间、豪华套房10套，更有26栋共132间轻奢素雅的别墅客房。	['开业：2018', '装修时间：2018', '客房数：342']	https://hotels.ctrip.com/hotels/detail/?hotelId=13947169	联系方式：0566-5117777
5	合肥明发国际大酒店	合肥明发国际大酒店雄踞合肥市庐阳区四里河路与北二环交汇处的明发商业广场的正中心，距万科城市广场和万科森林公园仅一步之遥。万科城市广场是您休闲娱乐购物的好去处，而万科森林公园是您放松身心的天然氧吧，完善的商业综合配套设施和酒店相得益彰；到达合肥市植物园约10分钟，另外到达庐阳生态旅游三十岗、三国遗址城、古逍遥津、李鸿章故居和包公祠等著名旅游景点十分便利。	['开业：2014', '装修时间：2017', '客房数：257']	https://hotels.ctrip.com/hotels/detail/?hotelId=1430498	联系方式：0551-68168888
5	芜湖富力万达嘉华酒店	芜湖富力万达嘉华酒店于芜湖万达广场商业圈，芜湖新高铁站、汽车站、南京禄口机场城市候机楼近在咫尺，距方特四期、新华联大白鲸海洋公园及鸠兹古镇约15—20分钟车程。美丽的神山公园也和酒店遥遥相望。	['开业：2014', '装修时间：2015', '客房数：280']	https://hotels.ctrip.com/hotels/detail/?hotelId=1487247	联系方式：0553-8308888
5	合肥翡翠湖迎宾馆	合肥翡翠湖迎宾馆坐落在合肥经济技术开发区翡翠湖畔，是由合肥经济技术开发区海恒控股集团投资开发兴建。	['开业：2007', '装修时间：2018', '客房数：153']	https://hotels.ctrip.com/hotels/detail/?hotelId=1554752	联系方式：0551-63369988
5	合肥恒悦国际外商俱乐部酒店	合肥外商国际俱乐部酒店位于中国亚太经济组织成员、花园式国家高新技术产业开发区内，距合肥市政府新址仅2分钟，紧邻蜀山风景区。	['开业：1999', '装修时间：2014', '客房数：157']	https://hotels.ctrip.com/hotels/detail/?hotelId=1585237	联系方式：0551-62229888
5	安徽饭店	安徽饭店位于梅山路，地处景色秀丽的西山风景区，北临清碧城河，南眺繁华闹市，西邻IFC国际金融中心，交通十分通捷。	['开业：1992', '装修时间：2014', '客房数：400']	https://hotels.ctrip.com/hotels/detail/?hotelId=1633341	联系方式：0551-62218888
5	芜湖海螺国际大酒店	芜湖海螺国际大酒店位于芜湖市镜湖区文化路，地处芜湖市中心城区，紧邻镜湖区政府，毗邻周边万达、华亿星隆国际、华强、八佰伴、苏宁、联盛等广场商圈林立；紧邻方特主题乐园，距鸠兹古镇、大白鲸海洋公园约15分钟车程；酒店背靠郁郁葱葱的赭山，地接千年古刹广济寺（小九华）之灵气，交通快捷、停车便利。 	['开业：2013', '装修时间：2019', '客房数：200']	https://hotels.ctrip.com/hotels/detail/?hotelId=1701813	联系方式：0553-3118188
5	黄山涵田度假酒店	黄山涵田度假酒店，就坐落于具有2200多年风雨沧桑的黟县城郊龙江村，毗邻宏村、西递，还有传奇女子赛金花故居、秀里影视基地等诸多景点。“一花一世界，一木一浮生，一草一天堂，一叶一如来”，酒店基于此打造了空中叶子花园、叶子楼下面的汽车双卧室套房、汽车亲子三卧室套房，和汽车三层双卧室别墅等，设计也保持徽州建筑的文化特色，古雅、舒适，而大幅落地玻璃窗将青山绿水田园景致收揽入室，让你枕山而卧，拥绿而眠。走在徽州古老的光阴里，遇见涵田度假村酒店，一场时光的邂逅，让你想起一句“一生痴绝处，无梦到徽州”！	['开业：2018', '装修时间：2018', '客房数：82']	https://hotels.ctrip.com/hotels/detail/?hotelId=18412457	联系方式：17705592918
5	芜湖华邑酒店	芜湖华邑酒店位于芜湖市滨江大道，临江而建，紧邻芜湖市核心商圈，距中山路步行街仅一桥之隔，距方特乐园约30分钟车程，交通便利。 	['开业：2018', '客房数：247']	https://hotels.ctrip.com/hotels/detail/?hotelId=19611727	联系方式：0553-5866666
5	芜湖绿心谷酒店	芜湖绿心谷酒店静处鸠兹古镇北门，位于芜湖市鸠江区万春西路鸠兹古镇北门，与同在古镇的大白鲸海洋公园举步之遥，距方特约5分钟车程。	['开业：2018', '客房数：68']	https://hotels.ctrip.com/hotels/detail/?hotelId=20264385	联系方式：0553-5878999
5	合肥洲际酒店	合肥洲际酒店以典雅时尚的设计风格雄踞政务新区核心商业地带。酒店拥有405间现代舒适的客房及套房尽览天鹅湖华美景致，是成功人士商务社交，休闲娱乐，时尚旅居，高端会务的睿智之选。依托百利中心双塔地标，酒店周边写字楼，大型购物中心，影剧院及餐饮娱乐场所一应俱全。酒店交通便利，距高铁南站仅15分钟车程。酒店拥有气势恢宏的宴会场地，总面积逾3500平方米，完备的多媒体影音设施将洲际的特色文化与合肥的内敛魅力完美融合。酒店特有私家花园，在城市的喧嚣中，寻一处心灵栖息的港湾。遇见洲际，开启您的探索未知之旅！	['开业：2018', '客房数：405']	https://hotels.ctrip.com/hotels/detail/?hotelId=21812461	联系方式：0551-62665888
5	合肥栢景朗廷酒店	合肥栢景朗廷酒店坐落于政务文化新区、万象城购物中心旁，毗邻银泰城、天鹅湖万达广场等休闲娱乐中心，休闲散步即可达绿轴公园和天鹅湖，与安徽省博物馆、奥体中心及合肥大剧院仅咫尺之遥。	['开业：2018', '客房数：338']	https://hotels.ctrip.com/hotels/detail/?hotelId=21900347	联系方式：0551-65688888
5	合肥香格里拉大酒店	合肥香格里拉大酒店位于连接商业区和市区的中心地带——濉溪路，周围有置地国际广场、华润万象汇购物中心、华润欢乐颂购物中心等，距离淮河路步行街，逍遥津公园五分钟车程。休闲商务、休闲汇聚在此。	['开业：2015', '客房数：400']	https://hotels.ctrip.com/hotels/detail/?hotelId=2204223	联系方式：0551-65509888
5	黄山昱见·徽缦园林度假酒店	昱见·徽缦园林度假酒店地处风景秀丽的新安江畔——南滨江西路。	['开业：2018', '客房数：67']	https://hotels.ctrip.com/hotels/detail/?hotelId=22457188	联系方式：0559-2551888
5	六安蓝溪兴茂度假酒店	六安蓝溪兴茂度假酒店坐落于悠然蓝溪文化旅游度假景区内，近六安市富民汽贸；悠然蓝溪儿童乐园、蓝溪水世界主题乐园等，出游便利。	['开业：2014', '装修时间：2015', '客房数：225']	https://hotels.ctrip.com/hotels/detail/?hotelId=2301134	联系方式：0564-5305305
5	黄山悦榕庄	黄山悦榕庄位于中国东部的安徽省内，从这一风景如画的度假胜地出发，便可到达世界文化遗产古村落——宏村和西递。	['开业：2015', '装修时间：2018', '客房数：127']	https://hotels.ctrip.com/hotels/detail/?hotelId=2311526	联系方式：0559-2265000
5	黄山开元颐居·还淳屯溪老街店(精品民宿)	老街深巷铺连肩，密雨重帘古画延。	['开业：2018', '装修时间：2018', '客房数：39']	https://hotels.ctrip.com/hotels/detail/?hotelId=23856373	联系方式：17355951656
5	六安南湖白鹭园酒店	酒店占地119亩（总建筑3.3万平米），配套园林景观用地3000亩。坐落于南山国际旅游度假区内，三面环水，隐于古松山林之间，依山傍水而立。酒店新中式风格设计，庄重与休闲并存、传统与现代通融，是一家养生文化主题精品酒店。首批开放高端精致客房70间，其中标准间与大床房63间，面积均在58平方以上；欢乐家庭房5间，面积约75平方；南湖套间2间，面积约125平方，每间客房均带有室外观景阳台。酒店拥有大小会议室7个，可举行不同形式20人至800人的会议。酒店拥有大小包厢10个、西餐厅、零点餐厅、宴会厅，可同时容纳1000人用餐。设有室内室外泳池、KTV包房、棋牌室、SPA洗浴中心、健身中心，即将投入运营。	['开业：2018', '装修时间：2018', '客房数：70']	https://hotels.ctrip.com/hotels/detail/?hotelId=26450971	联系方式：0564-2598888
5	芜湖苏宁环球大酒店	芜湖苏宁环球大酒店位于安徽省芜湖市鸠江区赤铸山中路，毗邻芜湖市新政务中心、金融中心、方特主题公园、鸠兹古镇、海洋公园等旅游中心，距芜湖方特欢乐世界约19分钟车程，芜湖方特梦幻王国、芜湖方特水上乐园、芜湖方特东方神画约12分钟车程，距新华联大白鲸海洋公园、鸠兹古镇约11分钟车程，距芜湖（高铁站）交通枢纽中心约4公里，距G42高速公路芜湖东收费口约5公里。	['开业：2018', '客房数：223']	https://hotels.ctrip.com/hotels/detail/?hotelId=28356663	联系方式：0553-3868888
5	合肥白金汉爵大酒店	合肥白金汉爵大酒店位于滨湖新区徽州大道（滨湖新区徽州大道与万泉河路交叉口），距合肥绕城高架约十几分钟车程，交通便利。	['开业：2015', '装修时间：2016', '客房数：764']	https://hotels.ctrip.com/hotels/detail/?hotelId=2850277	联系方式：0551-62228111
5	合肥融侨皇冠假日酒店	合肥融侨皇冠假日酒店临护城河畔，与三国古战场"逍遥津"而得名的逍遥津公园为邻。居酒店客房，即可欣赏公园景致，闹中取静，环境优美。	['开业：2015', '客房数：277']	https://hotels.ctrip.com/hotels/detail/?hotelId=3999801	联系方式：0551-62885066
5	黄山莲花山庄	黄山莲花山庄坐落于黄山风景区南大门汤口镇，距黄山南大门换乘点约600米。	['开业：2018', '装修时间：2019', '客房数：73']	https://hotels.ctrip.com/hotels/detail/?hotelId=416237	联系方式：0559-5569999
5	黄山温泉度假酒店	黄山温泉度假酒店位于黄山风景区海拔约612米处的温泉景区内，位于紫石峰南麓、桃花溪北岸；黄山玉屏索道慈光阁站近在咫尺。洗浴区由多个种类各异的汤池星罗棋布错落有致的组合，分布在高山森林园区内。	['开业：2007', '装修时间：2010', '客房数：172']	https://hotels.ctrip.com/hotels/detail/?hotelId=416261	联系方式：0559-2589333
5	黄山昱城皇冠假日酒店	黄山昱城皇冠假日酒店坐落于黄山市屯溪区市中心，毗邻风景秀丽的新安江畔，交通便利，步行可至屯溪老街，黎阳水街，也可轻松驱车到达黄山风景区、西递宏村、道教圣地齐云山等名胜古迹。酒店拥有四百余间新徽派风格的豪华客房，超过2000平方米的宴会及会议场地和专业的皇冠会议团队能满足不同类型的会议需求，4个风格迥异的餐厅提供地道纯正的徽菜和各式西点，带来舒适体验。	['开业：2012', '装修时间：2012', '客房数：481']	https://hotels.ctrip.com/hotels/detail/?hotelId=419339	联系方式：0559-2591888
5	黄山馥丽蓝山酒店	黄山馥丽蓝山酒店地处风景秀丽的新安江畔，紧邻市中心、徽杭高速、火车站，地理环境优越，交通旅游便捷。	['开业：2012', '装修时间：2018', '客房数：149']	https://hotels.ctrip.com/hotels/detail/?hotelId=419341	联系方式：0559-2566688
5	合肥皇冠假日酒店	合肥皇冠假日酒店位于蜀山区，毗邻政务文化新区和经济技术开发区。正门设有机场巴士停靠点，信步即达1912潮流街区、徽州特色半边街、大蜀山国家森林公园、蜀峰湾湿地公园、植物园、野生动物园等，环境优美，交通便捷。	['开业：2012', '客房数：523']	https://hotels.ctrip.com/hotels/detail/?hotelId=419896	联系方式：0551-62971888
5	合肥富力威斯汀酒店	合肥富力威斯汀酒店位于繁华的合肥市中心，坐拥秀美的包公园，地理位置优越，步行约5分钟即可至离合肥地铁一号线包公园站，方便您前往合肥火车站，合肥南站，探索城市各色景点。酒店临近万达广场、银泰中心、金街步行街、淮河路步行街等城市商业综合体，是您商务出行或休闲度假的上佳选择。	['开业：2011', '装修时间：2018', '客房数：291']	https://hotels.ctrip.com/hotels/detail/?hotelId=419898	联系方式：0551-62989888
5	合肥元一希尔顿酒店	合肥元一希尔顿酒店位于瑶海区胜利路198号，距离合肥地铁1号线长淮站A出口约2分钟路程。	['开业：2007', '装修时间：2017', '客房数：532']	https://hotels.ctrip.com/hotels/detail/?hotelId=425209	联系方式：0551-62808888
5	芜湖金鹰尚美酒店	酒店位于芜湖市中心位置——中山北路，毗邻八佰伴、凤凰美食街、华强吾悦广场、苏宁广场，以及一步之遥的中山路步行街。酒店“闹中取静”，背靠繁华交通主干道，拥有独立的地下及地面停车场。	['开业：2008', '客房数：337']	https://hotels.ctrip.com/hotels/detail/?hotelId=425776	联系方式：0553-3888999
5	合肥古井假日酒店	合肥古井假日酒店位于合肥商业繁华区，地铁一、二号线交汇处E出口距酒店约10余米，酒店地理位置优越，距逍遥津公园约0.7公里，距国家4A级风景区包公园约1.5公里，交通出行便利。	['开业：1998', '装修时间：2016', '客房数：296']	https://hotels.ctrip.com/hotels/detail/?hotelId=425943	联系方式：0551-62206666
5	巢湖深业温泉假日度假酒店	酒店位于汤山路近温泉路，半汤国际温泉度假区内，毗邻芜合高速半汤出口，周边交通发达，出入便捷。	['开业：2012', '客房数：203']	https://hotels.ctrip.com/hotels/detail/?hotelId=430328	联系方式：0551-82188888
5	合肥新站利港喜来登酒店	风格时尚的合肥新站利港喜来登酒店，坐拥合肥生态公园的迷人美景，为您送上宾至如归的舒适享受和真诚友好的盛情款待。 酒店地理位置便利，紧邻合肥市商业中心，距中央商务区约 4 公里之遥。	['开业：2012', '客房数：407']	https://hotels.ctrip.com/hotels/detail/?hotelId=430486	联系方式：0551-62969999
5	马鞍山海外海皇冠大酒店	酒店位于市中心黄金地段，可近距离俯瞰两湖——雨山湖和南湖优美景观，周边拥有各类购物中心，家乐福、知名风味餐馆等均近在咫尺。	['开业：2009', '装修时间：2018', '客房数：342']	https://hotels.ctrip.com/hotels/detail/?hotelId=430533	联系方式：0555-2388888
5	九华山五溪山色大酒店	九华山五溪山色大酒店坐落于九华山北大门---五溪山色景区内，近九华山石牌坊内约900米。	['开业：2010', '客房数：245']	https://hotels.ctrip.com/hotels/detail/?hotelId=436600	联系方式：0566-5578888
5	九华山东崖宾馆	九华山东崖宾馆位于山上核心景区——九华山风景区化城路，距离检票口内约200米，步行到化城寺约1分钟、百岁宫缆车约2分钟、旃檀林约3分钟、肉身宝殿约5分钟。	['开业：1982', '装修时间：2018', '客房数：260']	https://hotels.ctrip.com/hotels/detail/?hotelId=436601	联系方式：0566-2831370
5	池州碧桂园凤凰酒店(九华山)	池州碧桂园凤凰酒店(九华山)位于齐山大道西侧，距国家AAAAA级九华山风景区约40分钟车程，距九华天池约10分钟车程，毗邻G50高速路口；酒店附近主要景点：5A九华山，5A大愿文化园，4A情缘谷漂流，4A九华天池，4A杏花村，4A牯牛降，4A醉山野。	['开业：2011', '装修时间：2018', '客房数：338']	https://hotels.ctrip.com/hotels/detail/?hotelId=437549	联系方式：0566-5268888
5	九华山聚龙大酒店	酒店位于九华山核心景区内，经过景区检票口约50米即可到达。酒店面朝百岁宫、祇园寺，背靠虎形山。山上各大景点均位于酒店四周，步行约10-20分钟均可到达；距离月身宝殿约600米，距离百岁宫缆车约50米，距离天台景区换乘中心约20米。	['开业：1991', '装修时间：2016', '客房数：231']	https://hotels.ctrip.com/hotels/detail/?hotelId=437569	联系方式：0566-2831368
5	巢湖远洲豪廷大酒店	巢湖远洲豪廷大酒店位于巢湖市经济开发区的中心，交通便利，环境优越。	['开业：2010', '装修时间：2016', '客房数：222']	https://hotels.ctrip.com/hotels/detail/?hotelId=441322	联系方式：0551-82366666
5	安徽高速开元国际大酒店	安徽高速开元国际大酒店位于合肥市蜀山区合作化南路，周围餐饮、娱乐等生活配套齐全，出行便利。	['开业：2011', '装修时间：2018', '客房数：288']	https://hotels.ctrip.com/hotels/detail/?hotelId=447197	联系方式：0551-65189888
5	安徽世纪金源大饭店	安徽世纪金源大饭店位于合肥市政治、经济、文化、旅游中心的滨湖新区，距安徽省滨湖国际会展中心约3.5公里，距京台高速方兴大道收费站约6公里，离老城区约10公里，酒店毗邻安徽省人民政府、合肥万达主题公园、滨湖森林湿地公园，环境优雅、交通便利，是宾客一赏滨湖湿地森林公园、巢湖风景区旖旎风景的上佳起始点。	['开业：2010', '装修时间：2016', '客房数：635']	https://hotels.ctrip.com/hotels/detail/?hotelId=447961	联系方式：0551-66868888
5	合肥银泰君亭酒店	合肥银泰君亭酒店位于淮河路步行街与长江路中段，与合肥银泰中心有机结合，地铁2号线四牌楼A出口向东约150米即达，距离李鸿章故居和逍遥津公园等知名景点步行约10分钟。	['开业：2013', '装修时间：2015', '客房数：260']	https://hotels.ctrip.com/hotels/detail/?hotelId=448747	联系方式：0551-62691666
5	黄山国际大酒店	黄山国际大酒店位于黄山市市区中心地段，紧邻屯溪老街。酒店傍山依水，6公里内可揽老街问市、新安山水景观带、徽州照壁雕塑群、湖边古村落群、龙山禅月、鬲山荷韵、三江烟霞、徽州文化博物馆、黄村进士、杨业功纪念馆、戴震公园等景点。酒店距机场15分钟车程，距火车站5分钟车程，距高速路口5分钟车程，交通出行十分便捷。	['开业：1995', '装修时间：2010', '客房数：356']	https://hotels.ctrip.com/hotels/detail/?hotelId=450942	联系方式：0559-2565396
5	黄山新华联丽景酒店	黄山新华联丽景酒店地处黄山市腹地，徽杭高速、合铜黄高速交汇处，是上海、杭州、千岛湖、黄山黄金旅游线的必经要道；距黄山风景区、宏村、西递景区约50分钟车程。	['开业：2013', '客房数：319']	https://hotels.ctrip.com/hotels/detail/?hotelId=455080	联系方式：0559-3517777
5	六安曙光铂尊酒店	六安曙光铂尊酒店位于安徽六安经济技术开发区，酒店距市中心约10分钟车程、高速公路约8分钟车程、火车站约15分钟车程、合肥新桥国际机场约50分钟车程。	['开业：2013', '装修时间：2019', '客房数：248']	https://hotels.ctrip.com/hotels/detail/?hotelId=456860	联系方式：0564-5308888
5	黄山碧桂园凤凰酒店	黄山碧桂园凤凰酒店位于齐云大道，距国家AAAAA级黄山风景区约40分钟车程，距屯溪老街约8分钟车程；毗邻合铜黄、徽杭、黄塔桃等多条高速；毗邻黄山机场、长途汽车站、火车站。	['开业：2011', '装修时间：2018', '客房数：378']	https://hotels.ctrip.com/hotels/detail/?hotelId=457522	联系方式：0559-5118888
5	安徽金陵大饭店	安徽金陵大饭店由南京金陵酒店管理公司管理，饭店地处合肥滨湖新区中心地带，毗邻滨湖会展中心，步行即可到达商业中心、休闲场所和当地夜市。周边环城高速、徽州大道围绕，交通便利，方便前往任何观光景点。	['开业：2013', '客房数：307']	https://hotels.ctrip.com/hotels/detail/?hotelId=474657	联系方式：0551-65366666
5	合肥泓瑞金陵大酒店	合肥泓瑞金陵大酒店位于合肥市政务文化新区中心位置——祁门路，毗邻天鹅湖公园、华润万象城、奥体中心、合肥八中、五十中近在咫尺。	['开业：2009', '装修时间：2017', '客房数：442']	https://hotels.ctrip.com/hotels/detail/?hotelId=476077	联系方式：0551-62266666
5	黟县奇墅仙境国际大酒店	黟县奇墅仙境国际大酒店位于黟县奇墅湖畔，紧邻宏村风景区。	['开业：2011', '客房数：213']	https://hotels.ctrip.com/hotels/detail/?hotelId=479319	联系方式：0559-5548888
5	芜湖碧桂园凤凰酒店	芜湖至好至大度假及会议酒店，10000平方以上超大花园，意大利文艺复兴•欧陆装修风格。酒店地处“芜湖高新技术开发区”，距省级“三山工业园”约10分钟车程，知名企业定点接待酒店：恒安集团、奇瑞汽车、格力电器、玉柴联合动力、中联重机、雪花啤酒、双鹤药业、安徽师范大学、皖南医学院等，毗邻三山区政府，安徽省/芜湖市党政机关定点接待酒店，国内外政要下榻至多。	['开业：2010', '装修时间：2018', '客房数：351']	https://hotels.ctrip.com/hotels/detail/?hotelId=480225	联系方式：0553-5818888
5	合肥天鹅湖大酒店	天鹅湖大酒店坐落于合肥市政务文化新区核心地段，紧邻美丽的天鹅湖景区、合肥大剧院和合肥市市政大楼，鲤鱼跳龙门的灵动与天鹅倚湖的水韵，你中有我，交相辉映。	['开业：2008', '装修时间：2016', '客房数：264']	https://hotels.ctrip.com/hotels/detail/?hotelId=481810	联系方式：0551-63536666
5	九华山四季永逸大酒店	九华山四季永逸大酒店是由宁波威远集团投资，占地面积3.93万平方米，总建筑面积7.6万平方米，是集住宿、餐饮、会议、旅游、休闲娱乐为一体的高端豪华商务度假型酒店。酒店地理位置优越，位于青阳县芙蓉湖畔，毗邻青阳县政府（规划中）、大润发超市、大地电影院。    酒店拥有各类风格的客房415间，设有中餐、西餐、素食餐厅等各类餐饮设施，餐位达2000余个，设有9个功能齐全、风格各异的大小会议室。    超大无柱式豪华宴会厅面积达1000多平方，可容纳近1000人的宾客就餐或会议。酒店同时配备桑拿、按摩足浴、KTV、健身房、羽毛球室、恒温游泳池、休闲吧等养生项目，一应俱全，皇家享受。	['开业：2019', '客房数：412']	https://hotels.ctrip.com/hotels/detail/?hotelId=48474278	联系方式：0566-5688888
5	六安索伊君澜大酒店	六安索伊君澜大酒店是由索伊电器制造有限公司投资兴建，中国饭店集团10强和全球酒店集团60强的君澜酒店集团管理。酒店总投资8亿多元，占地37000平方米，楼高26层，酒店拥有各类豪华客房约400间（套），近3000个餐位，1000平米以上豪华宴会大厅两个。酒店总建筑面积84500平方米，是一家以高标准建造，提供住宿、餐饮、会议、娱乐、旅游等多功能服务的商务型酒店。	['开业：2019', '客房数：427']	https://hotels.ctrip.com/hotels/detail/?hotelId=51050097	联系方式：0564-2689999
5	黄山雨润涵月楼酒店	黄山雨润涵月楼酒店位于雨润度假区内的迎宾大道，距黄山屯溪机场仅3公里路程，交通十分便捷。	['开业：2012', '客房数：99']	https://hotels.ctrip.com/hotels/detail/?hotelId=511481	联系方式：0559-2568234
5	合肥君悦酒店	合肥君悦酒店位于合肥政务文化新区中央商务区核心地段，与华润万象城购物中心相连，坐拥城市天际线美景。	['开业：2019', '装修时间：2020', '客房数：347']	https://hotels.ctrip.com/hotels/detail/?hotelId=52673172	联系方式：0551-62821234
5	芜湖新华联丽景酒店	芜湖新华联丽景酒店坐落在风景秀美的AAAA级鸠兹古镇景区之侧，• 集住宿、餐饮、会议、休闲娱乐为一体的度假酒店• 楼高9层，地下2层，总建筑面积超8万平方米• 近1600平米无柱鸠兹宴会厅，华丽庄严• 南北风味、养生美食、饕餮盛宴齐聚• 项目齐备、设施一流的水上运动场馆• 会议场所总面积达4500㎡，标准房间面积约50平米左右，豪华套房面积超百平，独占一线湖景，可俯瞰鸠兹古镇美景，让每位下榻酒店的宾客在充分放松的情况下，览胜观景，尊享无与伦比的住 宿体验。无论您是在酒店入住还是举办会议，都将提供各种便利服务来保证您的成功之旅。	['开业：2019', '客房数：401']	https://hotels.ctrip.com/hotels/detail/?hotelId=52855560	联系方式：0553-5878999
5	巢湖国际饭店	巢湖国际饭店位于巢湖市健康东路，为巢湖市地标建筑之一。饭店拥抱巢湖繁华的商业圈，毗邻巢湖网红街道耳街、安德利购物中心，北连巢湖万达广场，东邻巢湖东站，交通十分便利。                                                    	['开业：2020', '客房数：252']	https://hotels.ctrip.com/hotels/detail/?hotelId=56599238	联系方式：0551-82118888
5	合肥融创永乐半山酒店	酒店位于合肥融创文旅城内。合肥融创文旅城坐落于安徽省省会合肥市滨湖新区核心，打造了合肥融创乐园、融创茂、豪华度假酒店群、滨湖酒吧街四大业态。	['开业：2016', '客房数：378']	https://hotels.ctrip.com/hotels/detail/?hotelId=5674762	联系方式：0551-62939999
5	黄山澍德堂酒店	“粉墙黛瓦马头墙，肥梁瘦柱内天井，高楼深院小窗户。“坐落于古徽州文化旅游区——呈坎八卦村景区内的澍德堂酒店，在保留了最原始、具有特色的古徽派建筑的同时对其进行深度的挖掘与开发，致力于将一座古朴传统的徽州古楼，变成与时代接轨，具有自身独特灵魂深度的酒店。	['开业：2016', '装修时间：2018', '客房数：18']	https://hotels.ctrip.com/hotels/detail/?hotelId=5677106	联系方式：0559-3537799
5	合肥施柏阁大观酒店	合肥施柏阁大观酒店位于合肥融创文旅城内。合肥融创文旅城坐落于安徽省省会合肥市滨湖新区核心,涵盖合肥融创乐园、融创茂、豪华度假酒店群、滨湖酒吧街四大业态。多元的业态格局、惊险的尖叫挑战、精彩的剧目演艺、引人入胜的欢乐氛围，合肥融创文旅城现已成为文化特色鲜明的人气旅游目的地，强势助力安徽旅游业发展。	['开业：2016', '客房数：204']	https://hotels.ctrip.com/hotels/detail/?hotelId=5683212	联系方式：0551-62938888
5	合肥瑞廷西郊酒店	合肥瑞廷西郊酒店位于合肥融创文旅城内，坐落于安徽省省会合肥市滨湖新区核心，打造了合肥融创乐园、融创茂、豪华度假酒店群、滨湖酒吧街四大业态。	['开业：2016', '客房数：404']	https://hotels.ctrip.com/hotels/detail/?hotelId=5702138	联系方式：0551-65198888
5	池州平天半岛大酒店	平天湖，原名白沙湖，位于安徽省池州市市区，南依九华山，北抵长江，水域面积达12平方公里。一代诗仙李白曾月夜泛舟湖上，吟出“水如一匹练，此地即平天。耐可乘明月，看花上酒船”的千古名句，后改名平天湖。池州平天半岛大酒店就坐落于平天湖南岸，三面环绕的盈盈碧水，似一幅清新淡雅的水墨画，掩映在碧水竹林之中。 	['开业：2010', '装修时间：2019', '客房数：146']	https://hotels.ctrip.com/hotels/detail/?hotelId=603138	联系方式：0566-2614888
5	芜湖世茂希尔顿逸林酒店	芜湖世茂希尔顿逸林酒店位于“江城”芜湖长江江畔，临江而立，毗邻市中心商业及美食商圈，从酒店步行出发约10分钟即可到达八佰伴商圈，拥有愉快的购物、娱乐体验；您也可以与家人在方特欢乐世界来一场惊险刺激的冒险之旅。	['开业：2013', '装修时间：2013', '客房数：442']	https://hotels.ctrip.com/hotels/detail/?hotelId=607468	联系方式：0553-8228888
5	黄山阿尔卡迪亚阳光度假酒店	黄山阿尔卡迪亚阳光度假酒店坐落于黄山太平湖畔，总建筑面积约40000平方米，占地7742平方米，酒店拥有两百余间让您置身于旖旎太平湖仙境之中；轩辕阁中餐厅拥有可容纳76人零点餐厅和豪华包厢7间，包厢区域能容纳110人；百味轩自助餐厅可容纳170人，足不出户便可尝遍中国特色美食。	['开业：2016', '客房数：374']	https://hotels.ctrip.com/hotels/detail/?hotelId=6077874	联系方式：0559-2198888-6608
5	安徽高速徽风皖韵酒店	水、墨、轩、宇，徽派名领江淮。安徽省会城市合肥，通达江海，突显“皖”系风派。安徽高速徽风皖韵酒店是由安徽高速公路房地产有限责任公司投资建设，按国际型酒店标准打造的又一匠心力作。酒店融合徽式古典，坐拥巢湖黄金位置，以238米高度成就滨湖新区新地标。拥有各类雅致温馨的客房与套房，面积自45平方米至316平方米不等，透过客房内的观景窗幕，巢湖秀美与滨湖新城风貌尽收眼底。远超同侪的活动设施包括一间面积近1,800平方米的大宴会厅，一间450平方米的多功能厅及六间会议室。五间富有设计感的餐厅及酒吧各具特色，为您呈现国际风味、粤港美馔及当地特色佳肴。私密宁静的水疗、设备先进的室内游泳池及健身中心中为宾客带来放松身心、重焕活力的难忘体验，是来皖商旅客人的上佳之选。	['开业：2020', '客房数：335']	https://hotels.ctrip.com/hotels/detail/?hotelId=61658912	联系方式：0551-65126888
5	铜陵紫轩假日大酒店	铜陵紫轩假日大酒店位于铜陵市北斗星城商圈内，依风景名胜天井湖，邻百大名品购物中心，交通便利；距市政府、火车站、汽车站等政、经、交通枢纽约在10分钟车程以内。	['开业：2016', '客房数：105']	https://hotels.ctrip.com/hotels/detail/?hotelId=6313347	联系方式：0562-2899999
5	池州开元大酒店	酒店由开元酒店集团亲情打造，地处池州市区长江南路CBD核心区位，信步十分钟即可至市区中心。近可览清溪河，齐山风景，远可眺平天湖，杏花村风光，坐拥池城魅力景观，尽享这座千年山水城市间的静谧与舒适。附近主要景点：5A九华山、5A大愿文化园、4A九华天池、4A杏花村、4A牯牛降，4A醉山野等。	['开业：2020', '客房数：237']	https://hotels.ctrip.com/hotels/detail/?hotelId=64182675	联系方式：0566-2085333
5	太平湖安卓梅达酒店	太平湖安卓梅达酒店位于太平湖畔，近太平湖风景区旅游码头旁；太平湖位于“两山一湖”（黄山—太平湖—九华山）黄金旅游热线中心，地理位置优越。	['开业：2003', '装修时间：2020', '客房数：123']	https://hotels.ctrip.com/hotels/detail/?hotelId=643649	联系方式：0559-8561888
5	合肥贝斯特韦斯特精品酒店	合肥贝斯特韦斯特精品酒店地处经济高度发达的合肥蜀山区，距合宁高速入口约15分钟车程，距集贤路高速收费站约5公里，距大蜀山森林公园约3分钟车程，距安徽国际会展中心约8公里，徒步可达合肥1912酒吧街，毗邻天鹅湖畔、市政务中心、万象城、万达购物中心，合肥大剧院，奥体中心。酒店门口设有通往新桥机场的停靠站，每日循环发车，交通便利	['开业：2012', '客房数：477']	https://hotels.ctrip.com/hotels/detail/?hotelId=646712	联系方式：0551-62971777
5	黄山栢景国际大酒店	黄山栢景国际大酒店坐落于黄山市府所在地屯溪区，位于置地黎阳国际旅游文化度假版块内，地理位置优越，交通便捷。	['开业：2020', '客房数：290']	https://hotels.ctrip.com/hotels/detail/?hotelId=65133563	联系方式：0559-2933333
5	六安新锦成开元名都酒店	六安新锦成开元名都酒店区位交通便利，地处六安经济开发区，距中心商圈、万达广场约10分钟车程，距京台高速公路近在咫尺，距离酒店约1小时车程内有2个5A 级景区，6个4A级景区，距大湖名城合肥约1小时车程，完全可以满足您商务会晤、旅游度假、产品发布、会展、宴会等大中小型交流活动需求。	['开业：2020', '客房数：273']	https://hotels.ctrip.com/hotels/detail/?hotelId=65392279	联系方式：0564-3989999
5	黄山栢景假日酒店	黄山栢景假日酒店位于风景旖旎的新安江汇集地，步行约15分钟可到达屯溪老街，步行约8分钟到黎阳老街。	['开业：2013', '装修时间：2017', '客房数：278']	https://hotels.ctrip.com/hotels/detail/?hotelId=654945	联系方式：0559-2933333
5	九华山嘉润凯莱大饭店	九华山嘉润凯莱大饭店位于九华山风景区柯村新区西侧，依山傍水，坐西向东，仰望99米地藏菩萨全景铜像，直面九华圣境，交通便捷，是进入景区必经之地。	['开业：2012', '装修时间：2016', '客房数：279']	https://hotels.ctrip.com/hotels/detail/?hotelId=660186	联系方式：0566-2838855
5	铜陵铜雀台金陵大酒店	铜陵铜雀台金陵大酒店地理位置优越，交通便利，坐落于风景如画的铜陵天井小镇文化旅游区内，东临铜文化园，南接天井湖，西邻长江和笠帽山，是国家AAAA级风景旅游区天井湖风景区的重要组成部分；距市政府、万达广场约10分钟车程，火车站、汽车站等商业繁华区均在20分钟左右车程，距省会合肥约120分钟车程。	['开业：2012', '装修时间：2018', '客房数：238']	https://hotels.ctrip.com/hotels/detail/?hotelId=660261	联系方式：0562-8877777
5	合肥塞纳河畔滨湖酒店	合肥塞纳河畔滨湖酒店位于合肥滨湖新区鄱阳湖路与庐州大道交口，距离地铁1号线云谷路站约100米。	['开业：2020', '客房数：265']	https://hotels.ctrip.com/hotels/detail/?hotelId=68088783	联系方式：0551-63815800
5	合肥包河福朋喜来登酒店	合肥包河福朋喜来登酒店位于合肥市省级工业区包河工业园内——北京路，近大连路，地理位置优越，出行便利。	['开业：2017', '客房数：259']	https://hotels.ctrip.com/hotels/detail/?hotelId=6839077	联系方式：0551-66028888
5	太平湖高速假日酒店	太平湖高速假日酒店坐落在太平湖风景区。	['开业：2020', '客房数：163']	https://hotels.ctrip.com/hotels/detail/?hotelId=68492251	联系方式：0559-8575666
5	合肥乐富强铂悦酒店	酒店坐落于高新技术开发区中心，地理位置优越，交通便捷，地铁四号线科大先研院站3号线出口，可直达高铁南站仅需30分钟，毗邻高新区管委会，步行可前往银泰商业圈及生态圣地蜀西湖。	['开业：2020', '客房数：524']	https://hotels.ctrip.com/hotels/detail/?hotelId=68529299	联系方式：0551-66666969
5	巢湖碧桂园凤凰酒店	巢湖碧桂园凤凰酒店坐落于巢湖湖畔，与800里巢湖零距离，背靠银屏山，湖山胜景尽收眼底，其周围有紫薇洞、龟山、中庙等特色旅游景点。	['开业：2012', '装修时间：2014', '客房数：338']	https://hotels.ctrip.com/hotels/detail/?hotelId=688665	联系方式：0551-82666888
5	黄山复华丽朗度假村	黄山复华丽朗度假村坐落于黄山市中央城区黄金地段，毗邻优美的黄山风景区，距离知名的黎阳in巷，屯溪老街步行即达。且四周为山林绿野环绕，呼吸着高负氧离子含量的新鲜空气，静谧的自然空间成就度假休闲“天选之地”。度假村拥有五百余间舒适客房，假日厨房、威风探险家儿童俱乐部等，是入住的理想选择。	['开业：2017', '客房数：529']	https://hotels.ctrip.com/hotels/detail/?hotelId=6928736	联系方式：0559-5225555
5	九华山远航度假酒店	酒店地处中国四大佛教名山——九华山风景区柯村新区，与99米高地藏王菩萨铜像和佛教博物馆隔街相望，地理位置优越。	['开业：2011', '装修时间：2017', '客房数：279']	https://hotels.ctrip.com/hotels/detail/?hotelId=699989	联系方式：0566-2828888
5	合肥中庙滨湖城碧桂园凤凰酒店	合肥中庙滨湖城碧桂园凤凰酒店位于巢湖景区之冠——中庙镇，全程湖光山色的滨湖观光大道贯穿其间，北接合肥市南连巢湖市，交通便捷。能轻松前往巢湖市中心、合肥滨湖湿地森林公园，步行可至到著名的中庙镇中庙风景区步行街、姥山岛（蒙山岛）、中庙古寺。	['开业：2011', '装修时间：2019', '客房数：336']	https://hotels.ctrip.com/hotels/detail/?hotelId=703367	联系方式：0551-88618999
5	中国书法大厦	中国书法大厦位于高新区，毗邻政务文化新区和高新经济技术开发区。正门地铁6号线在建，步行可达1912潮流街区和大蜀山国家森林公园，徽州特色半边街、开福寺、蜀峰湾湿地公园、植物园、野生动物园均在车程约5-30分钟之内，地理位置优越，交通便捷。	['开业：2017', '装修时间：2017', '客房数：340']	https://hotels.ctrip.com/hotels/detail/?hotelId=7825692	联系方式：0551-67199999
5	九华山涵月楼酒店	九华山涵月楼酒店位于世界著名佛教旅游胜地九华山风景区，毗邻九华街和花台景区，是购物、休闲、餐饮及旅游的中心地段，位置优越，出行方便。从九华山风景区换乘中心步行前往酒店约5分钟，距离99米高的地藏王菩萨铜像大愿文化园约300米，距池州市区及杏花村约30-40分钟车程。 	['开业：2013', '客房数：215']	https://hotels.ctrip.com/hotels/detail/?hotelId=801366	联系方式：0566-2838888
5	黄山逸翠酒店	黄山逸翠酒店坐落于著名的5A风景区-黄山南大门的汤口镇中心繁华地段，距离京台高速（G3)黄山南门（汤口）高速出口约1.5公里，离换乘中心约10多分钟，步行即可到达。 	['开业：2017', '装修时间：2019', '客房数：70']	https://hotels.ctrip.com/hotels/detail/?hotelId=8807640	联系方式：0559-5577123
5	马鞍山金鹰尚美酒店	马鞍山金鹰尚美酒店傲居城市繁华商业中心，是马鞍山具号召力的地标性商业综合体——金鹰天地全生活中心的重要组成部分；酒店毗邻城市生态公园——雨山湖，闹中取静同时享受大自然的有氧呼吸。	['开业：2017', '客房数：309']	https://hotels.ctrip.com/hotels/detail/?hotelId=9452501	联系方式：0555-6618888
5	铜陵摩珀特怡美花园酒店	铜陵摩珀特怡美花园酒店位于铜陵市江南文化园，紧邻名胜风景区天井湖之滨，处闹市而不喧嚣，近自然而享繁华，湖光山色尽收眼底。 	['开业：2018', '客房数：128']	https://hotels.ctrip.com/hotels/detail/?hotelId=974773	联系方式：0562-7119166
4	曼斯顿尚品酒店(科学大道地铁站店)	酒店位于高新区科学大道，紧邻地铁2号线科学大道站，周围餐饮、娱乐等生活配套齐全，出行便利。	['开业：2011', '装修时间：2014', '客房数：115']	https://hotels.ctrip.com/hotels/detail/?hotelId=1003273	联系方式：0551-62631889
4	齐云山庄(合肥总店)	齐云山庄(合肥总店)地处绿树成荫的芜湖路，与北宋名臣包拯祠堂相邻；酒店距市中心四牌楼约1公里，交通便捷。	['开业：1998', '装修时间：2014', '客房数：237']	https://hotels.ctrip.com/hotels/detail/?hotelId=1005938	联系方式：0551-62286688
4	合肥金陵嘉珑酒店	合肥金陵嘉珑酒店是由合肥文旅博览集团投资改造，合肥文旅金陵酒店管理公司管理的融合现代智能科技的高端精品酒店品牌，继承了金陵“细意浓情、体验金陵”的服务品质，注重文化及个性化的温馨体验，并致力于打造独具特色、融合现代科技的高品质会议商务型酒店。	['开业：2018', '装修时间：2018', '客房数：285']	https://hotels.ctrip.com/hotels/detail/?hotelId=1006454	联系方式：0551-62266699
4	开元曼居酒店(黄山风景区店)	开元曼居酒店是开元集团酒店旗下单品牌规模**的中档酒店品牌。开元曼居酒店(黄山风景区店)位于汤口镇寨西村汤川路，毗邻黄山景区主入口，距南门换乘中心约700米；地处黄山脚下汤口镇寨西商业一条街，出行便利。 	['开业：2016', '装修时间：2018', '客房数：92']	https://hotels.ctrip.com/hotels/detail/?hotelId=1008526	联系方式：0559-2192889
4	黄山龙山山庄度假村	黄山龙山山庄度假村位于国家5A级景区呈坎八卦村门口，背靠龙山，面对众川河，背山面水，地理位置得天独厚。酒店周边景点有徽州明代传统民居潜口民宅、中国历史文化名村唐模、棠樾牌坊群鲍家花园、西溪南古村落等。	['开业：2018', '客房数：60']	https://hotels.ctrip.com/hotels/detail/?hotelId=1016873	联系方式：0559-3537333
4	合肥中辰智选假日酒店	合肥中辰智选假日酒店位于合肥政务新区和经济技术开发区的交界，位于金寨南路与仙都路交口，靠近国际会展中心，合肥大剧院、安徽省广电中心,天鹅湖万达广场、万象城 、新地购物中心，周边吃喝玩乐应有尽有，地处合宁高速金寨路出口处及金寨路高架桥南端出入口，酒店周边购物、娱乐、休闲场所一应俱全，作为商务酒店，其位置充分满足了出行方便的需求。　	['开业：2007', '装修时间：2019', '客房数：339']	https://hotels.ctrip.com/hotels/detail/?hotelId=1018509	联系方式：0551-62252888
4	开元曼居酒店(黄山屯溪老街店)	曼居酒店是开元集团酒店旗下中高端精品酒店品牌。开元曼居酒店(黄山屯溪老街店)位于风景秀丽的黄山市屯溪区元一大观，面朝新安江，与屯溪老街、黎阳印象、百大集团隔江相望，地理位置优越，交通旅游便捷。	['开业：2017', '装修时间：2019', '客房数：86']	https://hotels.ctrip.com/hotels/detail/?hotelId=10603641	联系方式：0559-2518111
4	九华山东篱下悠然山居	九华山东篱下悠然山居位于九华山核心风景区，紧邻祇园寺塔院，环境优美，景色怡人。	['开业：2017', '装修时间：2018', '客房数：7']	https://hotels.ctrip.com/hotels/detail/?hotelId=10786063	联系方式：13339161234
4	黄山华山徽宴酒店	黄山华山徽宴酒店位于著名的屯溪老街、繁华的黎阳in巷商业景区以及三江汇流处，这里成为领略徽州迷人风情和生机的上佳地点。 	['开业：2016', '装修时间：2018', '客房数：212']	https://hotels.ctrip.com/hotels/detail/?hotelId=1080709	联系方式：0559-2328818
4	宁国恩龙世界木屋村	宁国恩龙世界木屋村位于国家4A级生态旅游度假区内，地处安徽省宁国市西部，黄山脚下，是一个以绿色生态为主题的综合型旅游景区。	['开业：2001', '装修时间：2012', '客房数：115']	https://hotels.ctrip.com/hotels/detail/?hotelId=1097228	联系方式：0563-4151300
4	宏村塔川书院·稻亭溪竹美宿	宏村塔川书院位于黟县宏村镇塔川盆地的横山村，近宏村景区，周围环境优美，出游便利。	['开业：2018', '客房数：16']	https://hotels.ctrip.com/hotels/detail/?hotelId=11216054	联系方式：0559-5182188
4	黄山诗曼酒店	黄山诗曼酒店位于风景绚丽的新安江畔，与屯溪老街隔江相望，地理位置优越、出行便捷。酒店周边有KFC餐厅、环球国际影城、环翠堂徽菜、银蝶咖啡、KTV、SPA、酒吧、特色小吃街、江心州体育广场等休闲娱乐场所。配套齐全的元一商圈，为下榻酒店的客人带来更全方位的服务体验。酒店别墅式、园林式的整体设计布局，令人顿感远离喧嚣、大隐于市，或清晨、或傍晚，慢步酒店长廊、后花园、江边，体会无霾江南。酒店的设计风格将传统徽派元素融入现代居住理念，客房布置宽敞舒适，具有多款高档雅致的房型，满足不同的住宿需求。客房配备全套科勒卫浴、金可儿床垫、液晶电视、高速网络接口、独立wifi。为您的商务差旅、度假旅行、探亲访友等提供优质的住宿服务。诗画江南、曼妙旅途，从黄山诗曼酒店开始。	['开业：2017', '装修时间：2021', '客房数：85']	https://hotels.ctrip.com/hotels/detail/?hotelId=13324813	联系方式：0559-2588666
4	合肥滨湖徽州大道亚朵酒店	合肥滨湖徽州大道亚朵酒店位于滨湖新区杭州路与徽州大道交叉口，地处滨湖新区CBD金融中心核心路段，坐拥塘西河公园的绿意盎然，毗邻高速时代广场商业综合体，巢湖湿地公园、万达融创城、银泰商场近在咫尺，公交、地铁设施完善交通便捷。	['开业：2017', '装修时间：2018', '客房数：118']	https://hotels.ctrip.com/hotels/detail/?hotelId=13825487	联系方式：0551-62880006
4	宏村柒零柒陆·休闲度假民宿	宏村柒零柒陆·休闲度假民宿位于宏村景区内东边田，距景区正门停车场步行约150米(可免费接送)，古镇核心位置，是您理想的选择，路上的家 	['开业：2015', '装修时间：2020', '客房数：38']	https://hotels.ctrip.com/hotels/detail/?hotelId=1387001	联系方式：15905597076
4	安庆君澜豪庭酒店	君澜豪庭酒店位于湖心北路南铭商业区，周边商业繁华，餐厅林立，是安庆市“高铁商圈”以及“开发区商务CBD经济圈”核心地带的标志性建筑。	['开业：2014', '装修时间：2018', '客房数：195']	https://hotels.ctrip.com/hotels/detail/?hotelId=1392283	联系方式：0556-5699999
4	方莱国际大酒店(合肥经开区店)	方莱国际大酒店(合肥经开区店)位于合肥市经开区繁华大道和松谷路交叉口，国际会展中心B馆正对面，与安徽徽园 欢乐岛相邻，距离合肥绕城高速仅3分钟车程，距离高铁南站15分钟车程，交通十分便利。	['开业：2017', '客房数：226']	https://hotels.ctrip.com/hotels/detail/?hotelId=14154696	联系方式：0551-65568000
4	合肥博悦公馆	合肥博悦公馆位于合肥市东侧，公馆内即可尽览绿色生态公园。	['开业：2013', '客房数：102']	https://hotels.ctrip.com/hotels/detail/?hotelId=1440456	联系方式：0551-62972666
4	合肥浙商国际假日酒店	合肥浙商国际假日酒店位于宣城路，毗邻著名高等学府合肥工业大学，包公园、包河万达广场近在咫尺，地理位置优越，商业配套齐全。	['开业：2010', '装修时间：2010', '客房数：154']	https://hotels.ctrip.com/hotels/detail/?hotelId=1441070	联系方式：0551-62262888
4	合肥力天假日酒店	合肥力天假日酒店位于合肥市中心芜湖路与大通路交叉口，毗邻包河万达、淮河路步行商业街，环境幽雅，交通便利。	['开业：2012', '装修时间：2017', '客房数：160']	https://hotels.ctrip.com/hotels/detail/?hotelId=1462237	联系方式：0551-62960666
4	安庆天域时代酒店	天域时代酒店位于安庆宜秀区中兴大道，近雷池路，周边有成熟的商业综合体，地理位置优越，交通便利。	['开业：2014', '客房数：222']	https://hotels.ctrip.com/hotels/detail/?hotelId=1480035	联系方式：0556-8799999
4	合肥安之酒店	合肥安之酒店是由安徽安之酒店集团投资建造的高档城市商务酒店。酒店位于合肥市高新区科学大道，靠近风景秀美、空气怡人的大蜀山，交通便利，紧邻地铁 2 号线科学大道站。	['开业：2018', '客房数：99']	https://hotels.ctrip.com/hotels/detail/?hotelId=14815888	联系方式：0551-64887117
4	合肥皖能大厦	酒店是由皖能集团投资，集客房、餐饮、娱乐、办公为一体的四星旅游饭店。楼高16层，建筑面积18000平方米。	['开业：1999', '装修时间：2011', '客房数：166']	https://hotels.ctrip.com/hotels/detail/?hotelId=1486761	联系方式：0551-62225056
4	黄山歙县饭店	黄山歙县饭店位于历史文化名城——歙县，地处国家4A级旅游景区徽州古城内，距棠越牌坊群、距花山谜窟、屯溪老街等景区约半小时车程。	['开业：2009', '装修时间：2018', '客房数：221']	https://hotels.ctrip.com/hotels/detail/?hotelId=1500138	联系方式：0559-6610000
4	合肥国联南艳湖酒店	合肥国联南艳湖酒店位于合肥市经济开发区宿松路（医药健康产业园内），是集客房、餐饮、宴席、会议、康乐为一体的综合性酒店。酒店总建筑面积达38000平方。酒店周边环境优美、交通便利、位置优越，毗邻景色秀丽的南艳湖生态旅游景区，距离合肥高铁南站及合肥包河大道高速出入口、金寨路高速出入口约10分钟车程，临近滨湖新区和经开区商业中心，紧靠宿松路、锦绣大道和徽州大道，前往合肥融创乐园也十分便利。	['开业：2014', '客房数：182']	https://hotels.ctrip.com/hotels/detail/?hotelId=1520365	联系方式：0551-62211153
4	曙光薇酒店(合肥瑶海店)	曙光薇酒店(合肥瑶海店)坐落于合肥市瑶海区北一环与胜利路交叉口的中星城商业区,隶属于曙光酒店集团旗下一家艺术精品酒店，融合了徽派艺术的建筑风格.匠心工艺及优雅艺术与现代风情于一身，为宾客开启一段难以忘怀的舒适体验。酒店交通便捷，毗邻新亚汽车站与合肥地铁一号线，距离合肥购物盛地—淮河路步行街约十分钟车程，地理位置优越。	['开业：2018', '装修时间：2018', '客房数：156']	https://hotels.ctrip.com/hotels/detail/?hotelId=15533084	联系方式：0551-62256777
4	合肥雅豪格莱德酒店	合肥雅豪格莱德酒店位于合肥市行政中心、商务文化中心位置的政务区，交通便捷。	['开业：2010', '装修时间：2017', '客房数：72']	https://hotels.ctrip.com/hotels/detail/?hotelId=1583732	联系方式：0551-62217000
4	合肥滨湖云谷路地铁站亚朵酒店	合肥滨湖云谷路地铁站亚朵酒店位于滨湖新区云谷路与庐州大道交口向西约150米，毗邻滨湖银泰城，地处安徽省金融核心区，紧邻中国银行省分行、徽商银行总部、安徽省农村信用社联合社，中国建设银行省分行，中国工商银行后台中心，中国人寿安徽金融中心，地铁1号线和地铁5号线交口云谷路站E口出向西约100米，乘地铁可直达融创茂，融创文旅城，融创水世界，滨湖国际会展中心，安徽省政府，距离巢湖、岸上草原约5分钟车程，距离安徽名人馆、渡江战役纪念馆、安徽创新馆、安徽科技馆约10分钟车程，环靠金斗公园、塘西河公园。	['开业：2018', '客房数：85']	https://hotels.ctrip.com/hotels/detail/?hotelId=15898520	联系方式：0551-62839990
4	黄山澍德堂-暖山町民宿	民宿位于黄山市汤口镇寨西新村（移动公司正对面），距离黄山风景区寨西换乘中心很近。	['开业：2018', '客房数：14']	https://hotels.ctrip.com/hotels/detail/?hotelId=15911950	联系方式：18955923737
4	安庆南翔大酒店	安庆南翔大酒店位于安庆经济技术开发区的“黄金腹地”暨全国著名的“安庆光彩大市场”北端、安庆市迎宾西路与龙眠山北路交叉口，距安庆长江大桥/沪渝高速路口约4公里、市政府政务中心或市中心约6公里，地理位置优越，交通便利。　	['开业：2014', '客房数：298']	https://hotels.ctrip.com/hotels/detail/?hotelId=1593190	联系方式：0556-5928888
4	安庆尊悦酒店	安庆尊悦酒店位于古皖首府安庆，地理位置优越、交通便利。东倚振风塔，南临万里长江，环境优美，闹中有静。	['开业：2009', '装修时间：2019', '客房数：150']	https://hotels.ctrip.com/hotels/detail/?hotelId=1600836	联系方式：0556-5561111
4	合肥高新科学大道亚朵酒店	合肥高新科学大道亚朵酒店位于花园式国家高新技术产业开发区内，紧邻风景秀丽的蜀山风景区。酒店交通便利，毗邻馨园美食一条街、百大鼓楼购物中心、大蜀山、天鹅湖、翡翠湖、安徽大剧院、火车西站等，是入住的理想选择。	['开业：2018', '客房数：64']	https://hotels.ctrip.com/hotels/detail/?hotelId=16011851	联系方式：0551-63351099
4	合肥璞真酒店	合肥璞真酒店位于望江路与宿松路交叉口交通便利，毗邻合肥市几大开发区，紧邻政务新区，地理位置优越，周边餐饮娱乐设施齐全。	['开业：2018', '装修时间：2019', '客房数：88']	https://hotels.ctrip.com/hotels/detail/?hotelId=1603528	联系方式：0551-62873739
4	宏村水墨东篱民宿	宏村水墨东篱民宿位于碧阳镇碧山乡石亭村鹤山组，近宏村景村。	['开业：2018', '装修时间：2018', '客房数：17']	https://hotels.ctrip.com/hotels/detail/?hotelId=16068779	联系方式：0559-5548787
4	芜湖国信大酒店	芜湖国信大酒店地处芜湖经济技术开发区中心位置，距方特欢乐世界仅7分钟车程，毗邻奇瑞汽车、海螺型材、美的制冷、大陆汽车、三安光电、可耐福、日立公司等大型知名企业。	['开业：1998', '装修时间：2017', '客房数：231']	https://hotels.ctrip.com/hotels/detail/?hotelId=1613987	联系方式：0553-5844888
4	合肥天宫国际酒店	合肥天宫国际酒店位于合肥市经济技术开发区翡翠路与丹霞路交汇处，北临经开区管委会、中环城购物中心，西邻翡翠湖公园，东临星达城购物中心，近20家高校环绕四周，众多企事业单位林立周边；酒店距市区520分钟车程，距安徽国际会展中心、徽园、海洋公园约3分钟车程，优越的地理位置、浓厚的文化气息使酒店成为商务旅行、学术交流、休闲度假的上佳选择。	['开业：2012', '装修时间：2017', '客房数：260']	https://hotels.ctrip.com/hotels/detail/?hotelId=1632944	联系方式：0551-62552111
4	伯爵世家酒店(合肥双岗店)	伯爵世家酒店(合肥双岗店)集住宿、会议于一体，交通便利，位于合肥市北一环路与阜阳路交叉口国金大厦，主楼层高27层，全层高速无线WIFI覆盖。8-25楼为客房区，共计拥有各类房型240间，房间舒适、典雅、干净。26楼为舒适的自助餐厅，宾客用餐时可纵览合肥城区美景，早餐拥有近50种不同的品种，听着动听的背景音乐，感受营养、健康、味美。	['开业：2011', '装修时间：2019', '客房数：240']	https://hotels.ctrip.com/hotels/detail/?hotelId=1632958	联系方式：0551-65555000
4	合肥中铁凯莱酒店	包河区望江东路96号，临近合肥高铁南站，中国科技大学（中铁四局集团东侧，省儿童医院对面），紧邻政务新区，毗邻合肥市几大开发区，距市中心商业繁华地段仅5分钟车程，距合肥南站10分钟车程，距新桥国际机场40分钟车程。	['开业：2014', '客房数：170']	https://hotels.ctrip.com/hotels/detail/?hotelId=1632995	联系方式：0551-65216666
4	合肥安港徽苑酒店	合肥安港徽苑酒店位于长江西路与潜山路交汇处，地铁2、3号线交口，交通便利，至市政府政务中心车程约5分钟，毗邻五里墩立交桥；周边有天玥购物中心，1912酒吧街，之心城，庐西门购物中心，国购广场。 	['开业：2010', '装修时间：2016', '客房数：123']	https://hotels.ctrip.com/hotels/detail/?hotelId=1633110	联系方式：0551-62806399
4	合肥滨湖精品酒店	酒店坐落于中国安徽省合肥市滨湖新区徽州大道，地处商务、交通中心地带。距离合肥CBD、高铁南站、商场、巢湖、融创乐园等众多区域仅咫尺之遥。	['开业：2012', '装修时间：2017', '客房数：108']	https://hotels.ctrip.com/hotels/detail/?hotelId=1633188	联系方式：0551-65779999
4	合肥宜临国际大酒店	合肥宜临国际大酒店位于合肥市一环路中心黄金地段——桐城路，毗邻芜湖路及环城公园，北邻银河公园.四牌楼.淮河路步行街.三孝口中心；西接金寨路高架.安徽省安医附院；东邻徽州大道、大钟楼、包公祠名胜景区、万达广场；南接屯溪路南一环快速通道。酒店地理位置极其优越，交通便，距离三孝口、长江路、四牌楼、淮河路步行街、包公祠名胜景区、万达广场、安徽省安医附院约5分钟车程。	['开业：2007', '装修时间：2017', '客房数：187']	https://hotels.ctrip.com/hotels/detail/?hotelId=1633502	联系方式：0551-62961008
4	芜湖和众观景酒店	芜湖和众观景酒店位于镜湖区观澜路，邻近天主教堂、长江，景色壮丽。酒店毗邻吉和广场，靠近长航大楼，地理位置优越，为游客的出行购物提供了便利。	['开业：2013', '客房数：111']	https://hotels.ctrip.com/hotels/detail/?hotelId=1634745	联系方式：0553-5113333
4	桔子酒店(合肥三孝口金寨路店)	酒店地处繁华市中心长江中路商业区（金寨路与庐江路交叉口向东约120米），面临风景怡人的环城公园；周边景区环绕，与包公祠、李鸿章故居、明孝寺、逍遥津公园、包河公园、城隍庙、女人街等毗邻。	['开业：2019', '客房数：147']	https://hotels.ctrip.com/hotels/detail/?hotelId=1642263	联系方式：0551-65322886-9
4	黄山屯溪老街新安江畔亚朵酒店	黄山屯溪老街新安江畔亚朵酒店位于安徽省黄山市屯溪区徽派美食城，新安江畔，昱城东南；黄口桥头，半水半街。	['开业：2019', '客房数：72']	https://hotels.ctrip.com/hotels/detail/?hotelId=1648800	联系方式：0559-2598899-0
4	黄山山行翡翠山墅	黄山山行翡翠山墅坐落于黄山风景区翡翠谷景区内，临近南大门换乘中心，周边景点众多，有翡翠谷、飘雪温泉、九龙瀑、天湖漂流、玻璃栈道、宏村呈坎等景区。山行民宿由香港知名设计师打造，简约中透着诗意，设计新颖独特，临窗可以观山，推门就是院落。浮躁而喧嚣的城市，在你感到身心疲累时，山行是你在旅途中寻觅归属感的**地方，同时，让你寻找记忆中最美的自己，择一山行.居山而栖	['开业：2018', '装修时间：2019', '客房数：18']	https://hotels.ctrip.com/hotels/detail/?hotelId=1648887	联系方式：0559-5577380
4	芜湖海螺国际会议中心	海螺国际会议中心坐落于芜湖高新开发区，毗邻高校园区，205国道、沿江高速公路在此交汇，交通便捷环境优雅，总建筑面积14万平方米，欧式建筑风格，装修奢华典雅;酒店拥有66间20-350人功能齐全的会议室、450人学术报告厅、690人多功能影剧院; 拥有各式客房; 300座高档自助餐厅、60桌无柱式超大型宴会厅等中西各式餐厅8个、包厢22个，可安排2000人同时用餐;配套有近万平米设施齐全的健身会所;是集会议、展览、宴会、住宿、餐饮、健身等功能为一体的大型综合型酒店。	['开业：2009', '装修时间：2009', '客房数：428']	https://hotels.ctrip.com/hotels/detail/?hotelId=1701851	联系方式：0553-8398888
4	芜湖铁山宾馆	芜湖铁山宾馆位于芜湖市中心著名的风景区赭山之麓，馆内秀木扶疏、修竹雅致；花草奇异、彩蝶翩翩；岗丘环拱，曲经通幽，一派“采菊东篱下，悠然见南山”的田园风光。	['开业：1954', '装修时间：2010', '客房数：234']	https://hotels.ctrip.com/hotels/detail/?hotelId=1701885	联系方式：0553-3718888
4	黄山禾谷耕舍酒店	黄山禾谷耕舍酒店位于安徽省黄山市屯溪区；这里环境优雅、静谧宜人。	['开业：2018', '装修时间：2020', '客房数：26']	https://hotels.ctrip.com/hotels/detail/?hotelId=17297449	联系方式：0559-2589999
4	合肥望江西路洪岗地铁站亚朵酒店	合肥望江西路洪岗站地铁站亚朵酒店毗邻百大购物中心与大唐国际购物中心，地处望江路西路与潜山路交汇处。周边多栋写字楼环绕，各大公司均进驻于其中。在建地铁三号线，多条公交线路直达。是您办公及购物的好去处。	['开业：2018', '客房数：73']	https://hotels.ctrip.com/hotels/detail/?hotelId=17472402	联系方式：0551-65298777
4	黄山友于里文化酒店(徽州古城店)	“江南都江堰”的渔梁坝——明代重建，全国重点文物保护单位，位于歙县城南1公里处的练江中，是新安江上游最古老的古代拦河坝。坝上水势平坦，坝下激流奔腾。南端依龙井山，北端接渔梁古村。当年曾辉煌一时的徽商抵钱塘、下扬州都要从这里出发，堪称徽商 “梦开始的地方”。	['开业：2018', '客房数：17']	https://hotels.ctrip.com/hotels/detail/?hotelId=17527090	联系方式：18155938181
4	维也纳酒店(芜湖方特南翔万商店)	维也纳酒店（芜湖方特南翔万商店）是深圳维也纳酒店管理集团连锁酒店之一，是一座按标准兴建的酒店，酒店精心打造了111间配备齐全的客房与套房，为来自海内外的宾客卸下满身疲惫。酒店采用欧陆风情设计，以欧洲新古典主义为主体建筑风格，配以欧洲艺术佳作装饰，为宾客营造出魅力无穷的视觉享受，诠释新古典主义商务酒店新概念。酒店位于芜湖市鸠江区东部星城西区81号楼，临近芜湖南翔万商商贸城，靠近芜湖方特一二三四期约15分钟车程，距离芜湖东高速口仅1公里。酒店每一间客房均提供24小时免费热水，无线网络全覆盖，营养可口的自助早餐，大型停车场，会议室等，酒店完善的配置、标准的服务能够满足您或者您的公司的商务需求，我们将以诚挚的热情，期待您的光临。	['开业：2018', '装修时间：2019', '客房数：111']	https://hotels.ctrip.com/hotels/detail/?hotelId=17962941	联系方式：0553-5652222
4	黄山梦溪方会设计收藏酒店	酒店位于西溪南千年古村落入口旁，距离岩寺高速出口约2公里，自驾可直达门口，有免费停车位。配有半室外遮阳儿童戏水池及室内恒温戏水池。住店客人可免费畅享。200--1000年明清家具、古徽州契约，前台可预约讲解。	['开业：2018', '装修时间：2020', '客房数：21']	https://hotels.ctrip.com/hotels/detail/?hotelId=18030421	联系方式：17755973387
4	黄山翡翠度假村(黄山风景区南大门店)	“峰峦潺水绕翡翠，天然氧吧沁心脾”！在这远离世俗的近百亩徽式园林中,定能满足您隐居世外的生活向往！度假村就坐落于黄山风景区南大门翡翠谷景区内，临近南大门换乘中心，周边名胜环绕，约3公里内有九龙瀑、天湖景区、香溪漂流、石门峡、凤凰源等景区，酒店是一座典型的徽派建筑风格的园林式酒店，主楼拥有多间客房，别墅楼客房7间，大小会议室4个，可容纳200多人会议，中餐厅餐位200余个，主打徽式菜系及特色土菜。配套服务设施有室外天然泉水游泳池、台球室、羽毛球室、乒乓球室、健身房、茶吧、休闲棋牌、120余个停车位、租车服务、商场等一应俱全。一场时光的邂逅，遇见黄山翡翠度假酒店，尽可揽青山绿水入室，拥徽式古雅入怀，枕山而卧，聆潺入眠。沉浸在徽州古老的光阴里，细细品味“一生痴绝处，无梦到徽州”！	['开业：1993', '装修时间：2014', '客房数：114']	https://hotels.ctrip.com/hotels/detail/?hotelId=1813932	联系方式：13955978556
4	黄山绿地太平湖·四季君盛酒店	黄山绿地太平湖·四季君盛酒店坐落于黄山区太平湖镇，距太平湖高速口1.5公里左右，距离太平湖风景区旅游码头约4.5公里，车程约9分钟。	['开业：2018', '客房数：60']	https://hotels.ctrip.com/hotels/detail/?hotelId=18443764	联系方式：13215594218
4	西递胡同李筑梦居客栈	西递胡同李筑梦居客栈坐落于世界文化遗产西递落景区内，紧靠胡氏家祠追慕堂，出门就是景区主干道，闹中取静，是西递上佳的观景和度假之地。	['开业：2018', '装修时间：2018', '客房数：10']	https://hotels.ctrip.com/hotels/detail/?hotelId=18500028	联系方式：13956273581
4	花筑奢·黄山昱见老街8号院	花筑奢·黄山昱见老街8号院位于国家历史文化保护街区--屯溪老街核心保护区（中马路酒吧街）永新巷内，入则宁静返璞归真，出则繁华应有尽有。	['开业：2019', '客房数：19']	https://hotels.ctrip.com/hotels/detail/?hotelId=18555025	联系方式：17355919130
4	合肥蜀山智选假日酒店	合肥蜀山智选假日酒店位于蜀山区长江西路，步行可至北京华联购物中心，福乐门国际购物广场；临近合肥植物园（约2.5公里），蜀山森林公园（约3公里）等旅游景区。酒店距离地铁2号线十里庙站约100米，酒店门口设有新桥机场的停靠站“十里庙站“，每日循环发车，交通便利。	['开业：2018', '客房数：117']	https://hotels.ctrip.com/hotels/detail/?hotelId=19438841	联系方式：0551-62913319-1
4	歙县栢景新安酒店	歙县栢景新安酒店，近风景区徽州古城西大门。风格为徽系为主，雕梁画栋，古色古香，历史悠久，文化底蕴深厚。酒店共有四栋主体建筑，原名新安宾馆，始建于上世纪60年代，为当时黄山市歙县县委招待宾馆，曾接待过党和国家领导及社会各界知名人士。2017年以来，新安宾馆投资近3000余万元进行升级改造，并全权委托栢景酒店集团管理，更名为歙县栢景新安酒店。为继承和弘扬徽州文化，酒店为新安画派研究会所在地，并设新安书画艺术传播中心，常年接待全国各地的书画名家，并将其书画作品于酒店艺术长廊展示，逐步使酒店成为出入谈笑有鸿儒，往来聚会无白丁的文化休憩之所。酒店与徽州古城咫尺之间，也让入住宾朋能更好地品味源远流长、博大精深的徽州文化。	['开业：2018', '客房数：101']	https://hotels.ctrip.com/hotels/detail/?hotelId=19853356	联系方式：0559-6601555
4	宁国伯爵王朝大酒店	宁国伯爵王朝大酒店位于宁国市经济技术开发区宁阳西路，靠近鲍家花园、宁阳公园、沐恩堂、**陵园、大慈庵、大雄宝殿、方公庙景点，地理位置优越，交通便利。	['开业：2012', '装修时间：2016', '客房数：268']	https://hotels.ctrip.com/hotels/detail/?hotelId=2005959	联系方式：0563-4188888
4	安庆迎宾馆	安庆迎宾馆位于开发区黄金地段，地处景色秀丽的莲湖风景区畔，长江大桥近在眼前，交通便利。宾馆周边有天柱山、九华山、黄山、庐山等国家4A级旅游区，以及三面环水如船如渡的浮山，长江绝岛——小孤山，禅宗胜地——司空山等，令中外游客流连忘返。	['开业：1996', '装修时间：2013', '客房数：131']	https://hotels.ctrip.com/hotels/detail/?hotelId=2013610	联系方式：0556-5398210
4	合肥瑞能CEO国际酒店	合肥瑞能CEO国际酒店坐落在宁国南路与太湖路交口（星光天地）繁华地段，毗邻龙虾美食一条街和罍街美食街，从酒店驱车至汽车站均方便快捷。 	['开业：2014', '装修时间：2015', '客房数：237']	https://hotels.ctrip.com/hotels/detail/?hotelId=2082630	联系方式：0551-68136888
4	黄山璞致文化精品酒店	黄山璞致文化精品酒店位于汤口镇寨西兆成天地，环境宜人。	['开业：2018', '装修时间：2019', '客房数：59']	https://hotels.ctrip.com/hotels/detail/?hotelId=2084073	联系方式：18855911399
4	瑞居酒店(黄山屯溪老街新安江畔店)	瑞居酒店(黄山屯溪老街新安江畔店)位于前园南路（中国人民银行旁，市公安局斜对面）。附近交通便捷，高铁专线也可直达！周边商超银行药店饭店等一应俱全！	['开业：2019', '装修时间：2019', '客房数：78']	https://hotels.ctrip.com/hotels/detail/?hotelId=2104746	联系方式：0559-2346656
4	合肥贝斯特韦斯特星达城酒店	合肥贝斯特韦斯特星达城酒店位于合肥市经济技术开发区，大学城中心区域，安徽省艺校对面，距离明珠广场约900米，地铁3号线大学城北站1/2号出口步行约2分钟即可到达酒店大堂，酒店楼下即为星达城购物中心，大型超市、海底捞、金逸影城、麦当劳、屈臣氏、服饰及日用百货等配套齐全，步行可至合肥一六八玫瑰园学校、合肥工业大学、安徽大学等知名学校、学府，距离万象城、奥体中心、徽园、翡翠湖风景区、海洋世界、明珠广场会展中心约5-15分钟车程	['开业：2018', '客房数：232']	https://hotels.ctrip.com/hotels/detail/?hotelId=21133091	联系方式：0551-62957777
4	宏村拾庭画驿乡村酒店	宏村拾庭画驿乡村酒店位于黟县碧阳镇石亭村，周围环境清幽舒适。	['开业：2018', '装修时间：2018', '客房数：24']	https://hotels.ctrip.com/hotels/detail/?hotelId=22419200	联系方式：0559-5118899
4	合肥高新智选假日酒店	合肥高新智选假日酒店坐落于风景秀丽的蜀山之侧、高新技术园区，高新区管委会、大陆马牌、3M公司、思科合肥分公司、中国电子科技集团公司第十六研究所、合肥晶澳太阳能、合肥通威太阳能、合肥新华三信息安全技术、中国声谷、中国量子、中科大先进技术研究院、科大讯飞、合肥先进技术研究院、中国科技集团公司第十六研究所、四创电子、美亚光电、合肥卷烟厂等100多家大型企业入驻园区。	['开业：2018', '装修时间：2018', '客房数：195']	https://hotels.ctrip.com/hotels/detail/?hotelId=22420482	联系方式：0551-68164666
4	合肥空港大酒店	合肥空港大酒店位于建兰路与海棠花路交叉口，酒店住店宾客可享受摆渡车至机场，为您节省宝贵时间。	['开业：2015', '客房数：279']	https://hotels.ctrip.com/hotels/detail/?hotelId=2248220	联系方式：0551-68115555
4	宏村南野晴墅客栈	宏村南野晴墅客栈——“跟我走吧”带你住南野领略江南风景，在这里抬眸可见春风十里柔情，垂幕可听取蛙声一片，立岸可见落霞与孤鹜齐飞，推门便是万树松萝万朵云。无论何时，都可在南野领略这如画般的江南四时美景，恍若隔世，一定是现在快节奏生活状态下难得的小确幸，宏村南野晴墅客栈位于有着“世外小桃源”美誉的牛形古村落——-宏村。客栈以青砖，白墙，黑瓦，小院，水塘等元素，完全脱离了城市的浮华，还你们一个最清心别致的假期，这就是宏村南野晴墅客栈，“跟我走走吧”带你住南野体验世外小桃源，宏村南野晴墅客栈拥有各类景观套房与徽式套房共计12间，客房内陈设布置取材天然，竹木，桑麻，绢丝等，简约不失气质，巧妙设计与精心取材烘托了客房的别致高雅。清晨推开门窗，扑面迎来阵阵清风，和院内各色盆景与阳光交融后独有清香，使您在度假之旅倍感轻松惬意。客栈位于南湖畔一小巷中，景区停车场步行至此仅5分钟路程，行至客栈途中就可简单领略一番江南的小桥流水人家，大隐隐于村，隐南野	['开业：2018', '装修时间：2019', '客房数：9']	https://hotels.ctrip.com/hotels/detail/?hotelId=22680419	联系方式：19855696988
4	合肥蜀峰盛源酒店	蜀峰盛源酒店是安徽趣峰投资集团有限公司旗下投资1.5亿元倾力打造的现代化高端酒店，坐落于长江西路与创新大道交口南150米，距地铁2号线西站地铁口仅200米、距离新桥机场仅15分钟车程。蜀峰盛源酒店拥有各种不同房型236间，可满足不同宾客的需求。酒店拥有多功能厅及中、小型会议室3个，可同时为200-500人的会议提供接待服务。5楼岸香咖啡是所有商务人士休闲、洽谈的不二之选。	['开业：2018', '客房数：190']	https://hotels.ctrip.com/hotels/detail/?hotelId=22685647	联系方式：0551-62876777
4	黄山云上民宿	黄山云上民宿位于汤口镇山岔村直坑组，民宿距南大门约15分钟车程、翡翠谷约5分钟、宏村约45分钟，竹海茶园环绕，环境优美。	['开业：2018', '装修时间：2020', '客房数：8']	https://hotels.ctrip.com/hotels/detail/?hotelId=22774537	联系方式：0559-5587878
4	安庆皖源国际大酒店	安庆皖源国际大酒店位于风景秀丽的安徽省安庆市，地处黄山、庐山、九华山等风景名胜区的几何中心，背依风景如画的菱湖公园。安庆人杰地灵，孕育了众多的历史文化名人、艺术大师，是“桐城派”文学和黄梅戏的故乡。客人可方便往来古南岳天柱山、“长江绝岛”小孤山以及有“海上蓬莱”之称的浮山和逶迤连绵的大龙山、“千年古刹”迎江寺、振风塔等风景名胜。	['开业：2002', '装修时间：2015', '客房数：239']	https://hotels.ctrip.com/hotels/detail/?hotelId=2298363	联系方式：0556-5502799
4	芜湖东湖开元名庭酒店	芜湖东湖开元名庭酒店紧邻东湖公园，环境幽雅，设施完善，交通便利。	['开业：2020', '客房数：152']	https://hotels.ctrip.com/hotels/detail/?hotelId=2298691	联系方式：0553-2226666
4	宏村张公馆	宏村张公馆位于宏村核心景区内，由两幢300年历史的国宝级文物建筑修缮而成，占地约2亩；酒店紧邻月沼、牛角、商业街，地理位置优越。	['开业：2010', '装修时间：2018', '客房数：18']	https://hotels.ctrip.com/hotels/detail/?hotelId=2299428	联系方式：0559-5541881
4	宏村御前侍卫·塔川艺术精品酒店	宏村御前侍卫·塔川艺术精品酒店生长于中国最美秋色中的古村落。	['开业：2018', '客房数：22']	https://hotels.ctrip.com/hotels/detail/?hotelId=23481069	联系方式：18155965566
4	合肥龙宫俱乐部	合肥龙宫俱乐部位于黄山路，毗邻大蜀山，交通便利，酒店环境优雅，酒店以一流设施和服务，满足您的需求，欢迎您的入住！	['开业：2015', '客房数：25']	https://hotels.ctrip.com/hotels/detail/?hotelId=2360569	联系方式：0551-62971000
4	宏村魔宿·厢居集装箱野奢度假田园亲子·天空之境网红美宿	民宿位于黄山脚下，在黄山风景区至宏村、塔川必经之路上，旁边就是三棵树百佳摄影点，门口的宏儒公路也是世界双遗产黄山十佳风景道。	['开业：2018', '装修时间：2020', '客房数：26']	https://hotels.ctrip.com/hotels/detail/?hotelId=23649906	联系方式：18815593043
4	宏村云想缘宿	宏村云想缘宿坐落于世界文化遗产地宏村旁，步行到宏村主景区约5分钟左右路程，步行到宏村商业街约4分钟。	['开业：2018', '装修时间：2020', '客房数：32']	https://hotels.ctrip.com/hotels/detail/?hotelId=23650363	联系方式：0559-5158888
4	歙县新安宾馆	歙县新安宾馆位于歙县徽州古城旁，直线距离新安江畔约30米，出门向右步行约3分钟到达徽州古城景区，出门向左步行约5分钟到达渔梁坝景区，距离徽商大宅院约5分钟车程，牌坊群、鲍家花园约10分钟车程，距离呈坎八卦村约20分钟车程，距离深度新安江山水画廊、阳产土楼等景区约40分钟车程。	['开业：2018', '装修时间：2018', '客房数：21']	https://hotels.ctrip.com/hotels/detail/?hotelId=23865199	联系方式：0559-2750088
4	合肥高新区创新产业园亚朵酒店	合肥高新区创新产业园亚朵酒店是亚朵（上海）酒店管理有限公司旗下一家高端连锁酒店，位于花园式国家高新技术开发区内，地理位置优越，交通便利，毗邻高新区管委会，中科大先进技术研究院、科大讯飞、合肥研究院、中国科技集团公司第十六研究所、四创电子、美亚光电等100多家大型企业入驻园区。砂之船奥特莱斯、银泰城、安徽医科大学高新分院、合肥七中、彩虹中学分列酒店周边。东距合肥野生动物园5分钟车程，合肥西站10分钟车程，北距地铁2号线2KM，可直达市区。合肥新桥国际机场距离酒店仅30分钟车程。酒店设计理念是以阅读和属地摄影为主，高品质的客房产品，设施细致温馨的服务，给你带来“自然、静谧、温暖、朴实”的健康方式。所有客房均采用普兰特系列优质床品、全套高端BODYLABO体研究所草本精华洗浴用品，100M高速光纤，全WIFI覆盖，免费停车场等。酒店设有餐厅（相招）、洗烫烘干自助洗衣房（出尘）、设备精良的健身房（汗出）、及阅读会友书吧（竹居），为中高端商旅人士打造理想的住宿体验。能够在这里休憩、充电、得到心灵上的放松及人生感悟的共鸣。	['开业：2018', '客房数：80']	https://hotels.ctrip.com/hotels/detail/?hotelId=23921485	联系方式：0551-63652288
4	花筑·黄山雅园大酒店(黄山风景区南大门换乘中心店)	酒店坐落于黄山风景区南大门汤口镇繁华地段，紧邻黄山南大门。 （雅园酒店在这寒冷的冬季酒店全范围地暖供应，让您体会到春天般的温暖）	['开业：2018', '装修时间：2018', '客房数：53']	https://hotels.ctrip.com/hotels/detail/?hotelId=24274337	联系方式：0559-5573988
4	花语岸度假民宿(黄山屯溪老街店)	花语岸度假民宿是一家以旅游与休闲度假为主题的民宿。于2012年创立于丽江。花语岸旨在传递一种生活形态和生活理念的输出，注重体验式的环境营造，注重客栈与客栈、住客与住客之间的交流和互动，使客栈形成一定的社群文化。致力于创造一个住宿品牌并形成一种生活方式，能够使旅途客人在紧张、疲惫的差旅途中，通过高品质的酒店设施、服务，获得舒适的住宿环境，放松的居住空间，能够在这里休憩、充电、得到心灵上的放松及人生感悟的共鸣！	['开业：2018', '装修时间：2018', '客房数：18']	https://hotels.ctrip.com/hotels/detail/?hotelId=24410215	联系方式：18098576040
4	合肥君宇国际大酒店	合肥君宇国际大酒店坐落于合肥市主干道长江西路五里墩立交桥西北角，毗邻中国科学技术大学、安徽大学、安徽医科大学、解放军901医院，周边有1912酒吧一条街、之心城、国祯广场、国购广场等商业街区。	['开业：2018', '客房数：128']	https://hotels.ctrip.com/hotels/detail/?hotelId=24767361	联系方式：0551-62678899
4	桔子酒店(黄山风景区南大门汤口店)	酒店位于黄山市汤口镇黄山风景区南大门，座落于风景优美的黄山脚下，依山傍水，风景秀美。每到夜幕降临，华灯齐放，远眺黄山，人文到生态的转换得以深刻体现。酒店远离繁华喧嚣的商业市中心，给您提供一个全身心放松休憩的安静空间。	['开业：2018', '装修时间：2020', '客房数：110']	https://hotels.ctrip.com/hotels/detail/?hotelId=25211874	联系方式：0559-5567888
4	途居房车露营地(黄山风景区店)	途居房车露营地(黄山风景区店)位于安徽省黄山市黄山区焦村镇，毗邻黄山风景区西大门，占地面积约1000亩。	['开业：2015', '客房数：150']	https://hotels.ctrip.com/hotels/detail/?hotelId=2585383	联系方式：0559-8569999
4	合肥兰花丽呈酒店	合肥兰花丽呈酒店位于合肥市蜀山区黄潜望板块核心区域，距离金大地1912商圈步行约10分钟，坐拥城市璀璨夜景。	['开业：2018', '客房数：165']	https://hotels.ctrip.com/hotels/detail/?hotelId=26430394	联系方式：0551-63539333
4	黄山叶荷书院·呈坎永兴府度假酒店	位于呈坎景区永兴湖畔，呈坎被誉为中国东汉八卦村、中国历史文化名镇、中国明代建筑博物馆、中国国保之乡，距今已有1800多年的建村历史，现为国家AAAAA级旅游风景区。	['开业：2018', '客房数：24']	https://hotels.ctrip.com/hotels/detail/?hotelId=26547476	联系方式：0559-3556868
4	太平湖丽湖湖畔智能酒店	旅客若想住在黄山的太平湖风景区，那么将会是一个便捷的选择。屯溪机场和黄山北站分别位于距离酒店106km和93km的地方。</br>酒店对客房的装饰十分考究，每间设施齐全的客房都配备有空调。有饮水需求的旅客，酒店还为您提供了电热水壶。浴室内提供拖鞋、24小时热水和洗漱用品(6样以内)，让您感受到宾至如归的享受。在餐厅服务方面，酒店中餐厅会提供美食。若是觉得酒店的餐饮无法满足您挑剔的味蕾，不妨去附近的渔村活鱼馆（农家菜）、凤湖缘品鱼馆（农家菜）或大头鱼土菜馆（农家菜）品尝下一流的推荐美食。</br>酒店提供的休闲设施，旨在为旅客营造多姿多彩、奢华完美的住宿体验。24小时开放的前台服务可为您随时提供信息，以帮助您探索这个魅力之都。酒店客人可以额外使用停车场。	['开业：2015', '客房数：68']	https://hotels.ctrip.com/hotels/detail/?hotelId=2699739	联系方式：0559-8565999
4	康铂酒店(合肥新加坡花园城店)	康铂酒店(合肥新加坡花园城店)坐落在美丽的蜀山区和高新区之间，毗邻美丽的大蜀山森林公园、1912商业街区，更依傍着合肥家喻户晓的高档小区新加坡花园城，环境优美、交通便利。	['开业：2019', '客房数：95']	https://hotels.ctrip.com/hotels/detail/?hotelId=28127051	联系方式：0551-63659993
4	黄山云华栖轻奢度假民宿	黄山云华栖轻奢度假民宿位于黄山风景区西大门脚下汤家庄村，周边有黄山风景区、太平湖风景区、翡翠谷、宏村等众多景点。	['开业：2019', '客房数：11']	https://hotels.ctrip.com/hotels/detail/?hotelId=28475725	联系方式：0559-8550555
4	徽自在·山水宏村精品酒店	徽自在·山水宏村精品酒店位于宏村艺术小镇c8，距离宏村景区西门，步行约7分钟，距离奇墅湖五十米，正是观赏“水中林树”景观的上佳位置，亲水游览更加方便。	['开业：2019', '客房数：28']	https://hotels.ctrip.com/hotels/detail/?hotelId=28678574	联系方式：0559-5588855
4	合肥南站滨湖会展中心亚朵酒店	合肥南站滨湖会展中心亚朵酒店位于包河大道高架花园大道进出口处；地理位置优越，交通便利，可直达合肥市各个交通要点；酒店毗邻滨湖国际会展中心，安徽省政府，金谷产业园，包河工业园，华夏茶博城，茶里水街等多个园区。距离滨湖会展中心约7分钟的车程；距离安徽省政府和包河区政府约3公里；距离罍街约10分钟的车程，在罍街可以尽享合肥小吃美食（小龙虾，烤鱼，臭豆腐等）。	['开业：2019', '客房数：91']	https://hotels.ctrip.com/hotels/detail/?hotelId=28725110	联系方式：0551-62673777
4	黄山安达国际大酒店	安达国际大酒店是由安达驾校全额投资的一家高端精品酒店，酒店位于世界旅游名城黄山徽州区迎宾大道120号，歙黟公路旁，距黄山高铁站仅5公里，酒店建筑面积3000平方米，有包厢22个，大型多功能可以容纳300人的宴会厅一个，整个酒店可以同时容纳600多人就餐，客房  68间 ，大床房6间、家庭房7间、标间55间。酒店公交线路四通八达。高雅时尚的品味，完美的服务是安达大酒店的特色，酒店环境优雅，内装精美，设施先进，功能齐全。酒店一贯秉承“满足客户需求，超越客户期待”的理念，为您提供最完善、最完美的服务，作为酒店追求的一项重要目标，您的开心与快乐，就是酒店的满足与追求。	['开业：2019', '客房数：68']	https://hotels.ctrip.com/hotels/detail/?hotelId=29973172	联系方式：0559-3559222
4	合肥国祯健康酒店	合肥国祯健康酒店一家按照超高星标准设计，集健康、养生、膳食、运动、商务休闲为一体的健康酒店，地处合肥市高新区中心，天达路16号。毗邻大蜀山富氧之地，环境幽雅，交通便捷，距离市中心仅10分钟车程。酒店228间客房设计以新中式风格为基调，同时融入禅意为核心文化主流设计理念。众多设计大师集百家之长，让商务与养生禅意文化环环相扣。 **的舒适睡眠空间、洁净的直饮水、空气净化系统，绿色起居系统、中医理疗、运动医学等特色设施，必将带给您健康养生新体验。入住“一站式”健康养生酒店，为您带来身心灵的洗涤之旅。	['开业：2019', '客房数：228']	https://hotels.ctrip.com/hotels/detail/?hotelId=31405762	联系方式：0551-65175099
4	合肥南站亚朵酒店	合肥南站亚朵酒店是亚朵（上海）酒店管理有限公司旗下一家高端连锁酒店，位于包河区南二环绿地商务中心内，地理位置优越，交通便利，毗邻高铁南站，汽车南站、江淮汽车制造厂、凌大塘工业园、等多个广场园区。加侨广场、安粮城市广场、罍街、大摩广场、安徽建筑大学北校区、合肥西递中学分列酒店周边。东距高铁南站和地铁1号线10分钟车程，合肥汽车南站3分钟车程，可直达市区。西距天鹅湖政务商圈10分钟车程。合肥新桥国际机场距离酒店仅50分钟车程。酒店设计理念是以阅读和属地摄影为主，高品质的客房产品，设施细致温馨的服务，给你带来“自然、静谧、温暖、朴实”的健康方式。所有客房均采用普兰特系列优质床品、全套高端BODYLABO体研究所草本精华洗浴用品，100M高速光纤，全WIFI覆盖，免费停车场等。酒店设有餐厅（相招）、洗烫烘干自助洗衣房（出尘）、设备精良的健身房（汗出）、及阅读会友书吧（竹居），为中高端商旅人士打造理想的住宿体验。能够在这里休憩、充电、得到心灵上的放松及人生感悟的共鸣。	['开业：2019', '客房数：151']	https://hotels.ctrip.com/hotels/detail/?hotelId=31484057	联系方式：0551-65536666
4	曙光薇酒店(合肥天鹅湖店)	曙光薇酒店(合肥天鹅湖店)是曙光酒店集团旗下的艺术精品酒店，天鹅湖畔，静谧秀丽，霸都云端，尽享繁华。好客曙光人将以亲近客户，满意惊喜的服务，为您带来物超所值的住宿体验。	['开业：2019', '客房数：108']	https://hotels.ctrip.com/hotels/detail/?hotelId=33389687	联系方式：0551-65430888
4	黄山墟里樵歌民宿	黄山墟里樵歌民宿座落在西溪南古村落风景区！我们秉承着远来皆客的理念，在这里欢迎四海宾朋。民宿拥有私人庭院，客房设施齐备，无线wifi。	['开业：2019', '客房数：5']	https://hotels.ctrip.com/hotels/detail/?hotelId=33635361	联系方式：13355597456
4	繁昌禧丽酒店	繁昌禧丽酒店是合肥禧临酒店管理集团连锁酒店之一，是一家以现代标准新建的酒店。酒店精心打造了95间配备齐全的商务客房，为来自海内外的宾客歇下全身疲惫，酒店采用北欧风情设计，以简约大气艺术佳作装饰，为宾客营造出魅力无穷的视觉享受和入住体验，诠释现代新简约时尚商务酒店新概念。酒店位于芜湖市繁昌县城北国泰大厦，临近城北农贸市场，距离着名5A级景区“马仁奇峰”13公里，酒店每一间客房均提供24小时免费热水，无线网络全覆盖，营养可口的自助早餐，大型免费停车场，交通出行特别方便。酒店每一间客房都配备全新智能马桶和制冷冰箱，完善的配置、标准的服务能够满足您或您公司的商务需求，我们将以诚挚的热情期待您的光临。	['开业：2019', '客房数：95']	https://hotels.ctrip.com/hotels/detail/?hotelId=34052411	联系方式：0553-7211999
4	黄山钓雪园设计酒店	钓雪园是西溪南十大名园之一，位于丰乐河畔，周边苍松环绕，满目苍翠千重绿，极具烟雨江南特色，其主人为明朝著名的戏曲家、抗倭名将——汪道昆。汪道昆49岁时，辞官隐居在西溪南镇，与数位志同道合的文人墨客结社于此，名曰“丰干社”。	['开业：2019', '客房数：11']	https://hotels.ctrip.com/hotels/detail/?hotelId=34054445	联系方式：0559-2782888
4	黄山大旅小舍	黄山大旅小舍坐落于古徽州核心区-黄山市徽州区，依山傍水、交通便利。	['开业：2019', '客房数：18']	https://hotels.ctrip.com/hotels/detail/?hotelId=34563470	联系方式：15755999699
4	天柱山龙盈假日酒店	天柱山龙盈假日酒店位于天柱山风景游客中心区，酒店距离九曲河漂流约317米，天柱大峡谷约105米。	['开业：2019', '客房数：51']	https://hotels.ctrip.com/hotels/detail/?hotelId=35083583	联系方式：0556-8146288
4	黄山梵景公馆	黄山梵景公馆位于黄山市屯溪区黎阳镇商山路（银河湾别墅区3栋），地理位置优越，距离屯溪老街、黎阳水街约2公里，周边配套设施齐全，涵盖了大型商场，休闲餐饮，时尚百货，巨幕影院，一站式购物中心。	['开业：2018', '装修时间：2019', '客房数：45']	https://hotels.ctrip.com/hotels/detail/?hotelId=35599745	联系方式：0559-2570079
4	黄山崇德楼	酒店位于黄山市屯溪区黎阳镇，（220省道旁），交通便利，周边黎阳水街、杨业功纪念馆是您旅游参观的好去处。驱车短时间可直达黄山风景区，西递宏村、道教圣地齐云山等名胜古迹畅玩。	['开业：2018', '装修时间：2019', '客房数：266']	https://hotels.ctrip.com/hotels/detail/?hotelId=36247707	联系方式：0559-2340666
4	黄山驿境精品文化酒店	黄山驿境精品文化酒店位于黄山宏村景区外，近塔川秋色、秀里影视城向东约500米（醉美秋色S218国道旁 可田园火锅及篝火晚会 BBQ）。	['开业：2015', '装修时间：2018', '客房数：18']	https://hotels.ctrip.com/hotels/detail/?hotelId=3640336	联系方式：13305590472
4	花筑奢·黄山书香贡元里客栈(呈坎店)	花筑奢·黄山书香贡元里客栈(呈坎店)位于黄山山脉南延伸段的5A景区呈坎景区内。	['开业：2019', '客房数：7']	https://hotels.ctrip.com/hotels/detail/?hotelId=38417192	联系方式：18989866321
4	合肥经开区希尔顿欢朋酒店	合肥经开区希尔顿欢朋酒店坐落于美丽的经济技术开发区技术产业园中环城商业街区，翡翠湖公园，环境优美，交通便利。	['开业：2019', '客房数：173']	https://hotels.ctrip.com/hotels/detail/?hotelId=38942011	联系方式：0551-69029888
4	沁心茗香民宿(黄山风景区换乘店)	沁心茗香民宿(黄山风景区换乘店)位于风景优美的黄山脚下，距离风景区换乘中心不足1km，车程约2分钟。酒店背靠山谷，谷中有绿密的茶树，茶园夏日 谷中凉风习习，夜晚非常安静，	['开业：2019', '客房数：38']	https://hotels.ctrip.com/hotels/detail/?hotelId=39873001	联系方式：18105597312
4	大好河山度假酒店(黄山环球店)	大好河山度假酒店(黄山环球店)地处黄山风景区南大门——汤口镇。酒店与小镇的古徽州文化建筑融于一体，被称为“风景名胜中的景点，徽州文化中的精华”。酒店距合肥-铜陵-黄山高速公路与杭州-屯溪-黄山高速公路黄山风景区交汇点约1公里处，距黄山风景区南大门仅10分钟车程，毗邻黄山风景区客运集散中心。	['开业：2017', '客房数：186']	https://hotels.ctrip.com/hotels/detail/?hotelId=416232	联系方式：0559-5576699
4	黄山汤泉大酒店	黄山汤泉大酒店位于黄山风景区汤口镇，距黄山南大门约250米，距合铜黄高速公路约3分钟车程。	['开业：2008', '装修时间：2017', '客房数：47']	https://hotels.ctrip.com/hotels/detail/?hotelId=416249	联系方式：0559-5580077
4	合肥庐阳希尔顿欢朋酒店	合肥庐阳希尔顿欢朋酒店位于合肥市中心城区庐阳区北一环新天地国际广场内，是合肥市政治、经济、文化、金融中心。毗邻区人民政府，财富广场、祥源广场，四通八达交通便利。舒适温馨的客房，健康的早餐，无线WiFi，清爽的睡床，客房使用美国“Hampton Bed”标准的舒达双专利床垫和生态认证床上用品，并采用希尔顿专用“Peter Thomas Roth”卫浴用品。酒店成员提供的友善、可靠、关怀、周全的服务，还有值得宾客期待的欢朋标准化设施。 所属集团 希尔顿(Hilton) 	['开业：2019', '客房数：109']	https://hotels.ctrip.com/hotels/detail/?hotelId=41651265	联系方式：0551-62266188
4	黄山金浦东邑酒店	黄山金浦东邑酒店位于汤口镇汤川路，临近黄山南大门换乘中心，步行约3分钟即可换乘上山购票。	['开业：2009', '装修时间：2020', '客房数：141']	https://hotels.ctrip.com/hotels/detail/?hotelId=419337	联系方式：0559-5586688
4	黄山柏晶戴斯酒店	黄山柏晶戴斯酒店地处黄山市政府所在地——屯溪区中心地带，毗邻新安江。距屯溪老街仅需5分钟车程，往来举世闻名的世界遗产名录黄山风景区、齐云山、花山谜窟、西递、宏村等名胜古迹十分便捷，路程均在1小时内。	['开业：2011', '装修时间：2015', '客房数：141']	https://hotels.ctrip.com/hotels/detail/?hotelId=426681	联系方式：0559-2341111
4	蝶尚酒店(黄山屯溪老街店)	蝶尚酒店(黄山屯溪老街店)位于黄山市中心，周边有大型超市、美食街，距离屯溪著名景点老街和黎阳水街约5-8分钟车程，生活和出行便捷。	['开业：2020', '客房数：137']	https://hotels.ctrip.com/hotels/detail/?hotelId=426691	联系方式：0559-2329999
4	黄山天都国际饭店	黄山天都国际饭店徜徉于悠悠新安江畔，浸润着浓浓古徽文化，如天都峰般巍然屹立，卓而不群。饭店高16层，拥有500间客房，温馨舒适；拥有多功能厅及大小会议室4个，会议设施齐全，功能完善。周边设施完善，大型商场、水果超市应有尽有；交通便捷，距机场、高铁仅二十分钟，至火车站、高速口仅需5分钟，距黄山景区仅四十分钟。	['开业：2010', '装修时间：2018', '客房数：500']	https://hotels.ctrip.com/hotels/detail/?hotelId=426694	联系方式：18805599455
4	合肥海汇假日酒店	合肥海汇假日酒店位于明光路，临近和平广场休闲中心，步行至包河万达广场约5分钟，毗邻淮河路步行街，银泰中心，菲比酒吧，宁国路龙虾一条街等休闲购物中心，距离包公祠和省立医院约10分钟车程。	['开业：2008', '装修时间：2018', '客房数：281']	https://hotels.ctrip.com/hotels/detail/?hotelId=430494	联系方式：0551-62268888
4	黄山中瑞华艺大酒店	黄山中瑞华艺大酒店位于黄山风景区的汤口镇，紧邻黄山南大门，是从南门进入景区的必经之地，举头可望“天都”、“莲花”等主峰；距世界文化遗产地－－古民居西递、宏村半小时车程，地理位置优越。	['开业：2010', '装修时间：2018', '客房数：116']	https://hotels.ctrip.com/hotels/detail/?hotelId=432308	联系方式：0559-5566888
4	君禧酒店(黄山屯溪老街店)	酒店位于屯溪区迎宾大道，近戴震路，地处市区中心繁华之地，地理位置优越，交通便利。步行12分钟左右可达屯溪老街、黎阳水街。	['开业：2018', '装修时间：2018', '客房数：121']	https://hotels.ctrip.com/hotels/detail/?hotelId=434077	联系方式：0559-2577777
4	黄山同聚楼新安宴大酒店	酒店于2021年3月，重新装修后营业，是一座集酒店、行馆且饱含新安山水理想的美食美宿胜地。它座落于黄山政务中心，雅巷幽仄、山墙起伏、宅院四合，倒映着繁华的灯影，亭台轩榭、绿树碧水，形成一幅有桨声有灯影有市井的喧嚣和静谧，在时光中慢慢摇曳的徽州小镇画面。前眺秀美新安江长江，侧望繁华都市景，亦可充分感受“孤帆远影碧山尽，唯见新安天际流”的无穷景观。	['开业：1999', '装修时间：2021', '客房数：126']	https://hotels.ctrip.com/hotels/detail/?hotelId=437561	联系方式：0559-2592188
4	合肥辰茂和平酒店	合肥辰茂和平酒店位于合肥市中心徽州大道和芜湖路交汇处，东倚包河公园，西临银河景区，周边有省立医院、安徽大剧院、包河万达、老报馆、龙虾小吃一条街、南门小学、青年路小学、屯溪路小路、45中、48中等学校，学校、购物娱乐等各类配套设施齐全。酒店距1号线包公园地铁口约1200米，2号线四牌楼地铁口约800米，环境幽雅，交通便利。 	['开业：1999', '装修时间：2019', '客房数：231']	https://hotels.ctrip.com/hotels/detail/?hotelId=443894	联系方式：0551-62282288
4	古亦居酒店(合肥火车站店)	古亦居酒店(合肥火车站店)位于合肥市瑶海区当涂路，结合当地文化特色的古亦居酒店以欧美复古工业风进行展示，将“自行车、热带、北欧、地图、Dream、Creative、Vintage”七大主题融入其中，更有网红观景阳台供您度假拍照，休闲会客。	['开业：2019', '装修时间：2019', '客房数：60']	https://hotels.ctrip.com/hotels/detail/?hotelId=44465402	联系方式：0551-62672333
4	合肥中心智选假日酒店	合肥中心智选假日酒店位于中心长江中路商业购物区，酒店楼下便是安徽省一大新华书店，书店内呈现各自的特色，满足大人，小孩需求，酒店距离地铁2号线三孝口站B出口向东约500米即达，距离李鸿章故居、包公祠、逍遥津公园等知名景点步行约15分钟，酒店周边景区环绕，距离银泰中心购物广场约15分钟即达，周边医院步行约5分钟即可到达安徽省妇幼医院，步行约2分钟即可到达合肥市口腔医院，近省立医院驾车仅需5分钟。	['开业：2014', '装修时间：2018', '客房数：282']	https://hotels.ctrip.com/hotels/detail/?hotelId=447376	联系方式：0551-65706888
4	合肥黄山大厦城市酒店	合肥黄山大厦城市酒店位于合肥市中心的繁华黄金地带，面临全国商业街——淮河路步行街，背倚风景宜人的环城绿化带——包河公园。	['开业：1990', '装修时间：2021', '客房数：119']	https://hotels.ctrip.com/hotels/detail/?hotelId=448871	联系方式：0551-62220888
4	黄山水云四季大酒店	黄山水云四季大酒店位于黄山南大门汤口镇，周边有翡翠谷、野生虎猴谷、九龙瀑、百丈崖、徽派古民居等众多自然人文景观。	['开业：2019', '装修时间：2020', '客房数：69']	https://hotels.ctrip.com/hotels/detail/?hotelId=450925	联系方式：0559-5565688
4	黄山君瑞百合大酒店	黄山君瑞百合大酒店位于黄山市政府所在地—－屯溪，毗邻黄山市汽车站和即将建成的高铁站，与黄山空港隔江相望，距世界文化与自然遗产—－黄山风景区60公里，距历史悠久的屯溪老街2公里，距徽州古城15公里，距高速路口3公里，交通十分便捷。	['开业：2011', '装修时间：2018', '客房数：300']	https://hotels.ctrip.com/hotels/detail/?hotelId=450929	联系方式：0559-2591643
4	黄山璞悦静澜·景区8号院民宿	民宿位于黄山风景区汤口镇寨西新村。这里由星期九集团打造的文化精品、奢华度假、生态旅游体验式民宿。新时代的设计理念，匠人手工创作情怀处处体验旅人的温暖。	['开业：2019', '客房数：26']	https://hotels.ctrip.com/hotels/detail/?hotelId=45537033	联系方式：19855900595
4	合肥圣大国际饭店	合肥圣大国际饭店位于合肥市区黄金地段、俯瞰淝河、交通便利：地铁一二号线交口大东门站E站口距酒店约100米（合肥轨道交通中心），旅游汽车站步行可达，机场大巴1号线起始站。饭店距离包河万达、淮河路步行街、银泰中心、环球中心均只需延淝河漫步约10分钟可达；周围旅游景点众多，有包公祠、明教寺、李鸿章故居、逍遥津公园、包河公园步行约10分钟。	['开业：2007', '装修时间：2018', '客房数：198']	https://hotels.ctrip.com/hotels/detail/?hotelId=458326	联系方式：0551-62258888
4	黄山茗泉茶宿	民宿位于黄山南大门脚下汤口镇，距离黄山风景区换成中心约5分钟车程（酒店免费接送，详情请咨询店家。）周边景点翡翠谷、天湖漂流、九龙瀑景区15分钟车程，距离宏村约30分钟车程。地理位置十分优越，交通方便。	['开业：2019', '客房数：11']	https://hotels.ctrip.com/hotels/detail/?hotelId=46807218	联系方式：18805599168
4	合肥安港良苑酒店	合肥安港良苑酒店主楼位于大钟楼对面，与省建行大楼并肩耸立于徽州大道与芜湖路交叉口。会馆毗邻包公祠，与安徽大剧院隔街相望，为机场进入市区必经之地，交通便利。	['开业：1998', '装修时间：2016', '客房数：150']	https://hotels.ctrip.com/hotels/detail/?hotelId=476135	联系方式：0551-62289999
4	合肥银瑞林国际大酒店	合肥银瑞林国际大酒店集客房、餐饮、娱乐、桑拿、休闲为一体，经过近12年的发展，已打造成为安徽省酒店业的著名品牌。、 	['开业：2002', '装修时间：2017', '客房数：450']	https://hotels.ctrip.com/hotels/detail/?hotelId=476153	联系方式：0551-65669999
4	宏村召合柒善酒店	宏村召合柒善酒店位于宏村镇龙江村下二村民组，地处宏村附近，赛金花故居旁，邻近西递，关麓，南屏，塔山。	['开业：2019', '客房数：14']	https://hotels.ctrip.com/hotels/detail/?hotelId=47623234	联系方式：0559-5173888
4	海顿轻雅酒店(合肥新华学院店)	天然的氧吧中的轻雅酒店	['开业：2019', '客房数：100']	https://hotels.ctrip.com/hotels/detail/?hotelId=47626408	联系方式：0551-62889766
4	九华山初心叁舍·大音希声民宿	初心叁舍·大音希声民宿位于安徽省池州市青阳县陵阳镇黄石溪（九华山后山）。这里宛如一个世外桃源，庭院里有着将近四百年的桂花古树；门前流淌着天然的山泉水塑造的黄石溪，肉眼可见鱼儿嬉戏打闹，山泉水捧起来就可直接饮用，躺在观景房可直观寨里风光的秀丽；由于地理位置的特殊，海拔高度的优势，这里盛产高山云雾茶（黄石溪毛峰），环境优美怡然自得。如果您喜爱出游，一小时旅游圈到达周边景区，当然也可以选择待在自家院子享受这一份安静。未来我们计划还在黄山、太平湖设点，为你打造安徽两山一湖轻奢定制游玩路线。	['开业：2020', '客房数：19']	https://hotels.ctrip.com/hotels/detail/?hotelId=47776544	联系方式：15715669315
4	芜湖中央城大酒店	芜湖中央城大酒店位于弋江区，毗邻奥林匹克体育中心、国际会展中心和高校园区，具有得天独厚的地理优势。	['开业：2010', '客房数：256']	https://hotels.ctrip.com/hotels/detail/?hotelId=480229	联系方式：0553-2711666
4	黄山泽梅轩暄和度假酒店	酒店位于黄山高铁北站的经济开发区，毗邻黄山风景名胜区、齐云山风景区、宏村、西递。	['开业：2012', '装修时间：2018', '客房数：76']	https://hotels.ctrip.com/hotels/detail/?hotelId=480822	联系方式：0559-2585858
4	黄山静山别院民宿	黄山静山别院民宿位于黄山景区和宏村之间的G205国道边上，交通便利，环境优美。  	['开业：2019', '客房数：26']	https://hotels.ctrip.com/hotels/detail/?hotelId=48304981	联系方式：0559-7840666
4	黄山隐居汤泉民宿	民宿座落于黄山脚下，邻近翡翠谷（南大门正门），飘雪温泉，翡翠谷（情人谷），九龙瀑，漂流，宏村，西递，屯溪老街，塔川，徽州古城等都坐落在周边，地理位置十分优越，交通方便，在205国道边。	['开业：2019', '客房数：11']	https://hotels.ctrip.com/hotels/detail/?hotelId=48474454	联系方式：13345692498
4	九华山一池山水·本愿精品酒店	酒店临街而立，宾馆拥有舒适的客房，“KINGKOIL 金可儿”床垫，健康舒适的睡眠体验；卫生间的热带雨林花洒及充足水压，享受酣畅淋浴；客房管家服务，家人般的温馨，专享私人订制静心之旅。	['开业：2019', '客房数：20']	https://hotels.ctrip.com/hotels/detail/?hotelId=48539836	联系方式：0566-2837168
4	黄山舍得墨韵园林度假精品文化民宿	黄山舍得墨韵园林度假精品文化民宿坐落于黄山市区下林塘古村落，位于新安江畔，近屯溪老街和黎阳老街景区，车程均在10分钟以内。	['开业：2019', '客房数：18']	https://hotels.ctrip.com/hotels/detail/?hotelId=48562862	联系方式：18815590766
4	宏村三昧·清溪民宿	三昧清溪位于宏村景区内，保留了传统的徽派建筑风格，如泼墨山水画；背倚宏村景区里的一座小山-雷岗山，竹林密布，曲径通幽。对面可一览无遗东山，荷塘花海之景，美如仙境的天空镜。谁说欣赏天空镜美景必须要去马来西亚、玻利维亚？不如国门，来三昧清溪就可以，天以地为镜，天下美景尽收镜，就算你不是一个浪漫的人，看到的那一刻，内心也是悸动的。独具匠心的房间三昧清溪的房间共28间，每个房间都朝南，明亮宽敞，窗户全部为全景落地窗，开窗即可欣赏景区美景。家具采用原木定制，简约特质，卫浴、床品全部采用国际知名品牌，按高星级酒店标准配置洗浴用品，房间中央空调，新风系统及地暖。走进三昧清溪的庭院，展现在你眼前的，是喧嚣都市中的静谧，更是生意盎然的小小宇宙。	['开业：2019', '客房数：18']	https://hotels.ctrip.com/hotels/detail/?hotelId=49377028	联系方式：18855907988
4	合肥美延精致酒店	美延精致酒店位于安徽合肥市蜀山区大蜀山脚下长江西路边，周边有大蜀山，蜀山森林公园，植物园，动物园，四季花海公园。美延是一家轻奢型高科技酒店，静音双窗，电动窗帘，尊享洗护，舒适睡眠系统，50寸4K高清电视，全区域网络覆盖，浪漫红酒杯等。酒店有包厢可以接受商务宴请。	['开业：2019', '客房数：42']	https://hotels.ctrip.com/hotels/detail/?hotelId=50346425	联系方式：0551-65301266
4	悦居酒店(黄山屯溪老街店)	酒店地处于屯溪核心银街商业圈中，徽州大剧院对面，距离屯溪著名景点老街和黎阳水街约15分钟路程。酒店周边有剧院、大型超市、步行街，生活和出行便捷。	['开业：2017', '装修时间：2019', '客房数：70']	https://hotels.ctrip.com/hotels/detail/?hotelId=512218	联系方式：0559-2335001
4	黄山维笙徽州皖韵假日酒店	黄山维笙徽州皖韵假日酒店位于黄山市屯溪区新安江畔，环境优美雅静，交通快捷便利。酒店与市政大楼、世纪广场隔江相望，距汽车站、花山迷窟、屯溪老街仅10分钟路程，生态公园及亚洲最长的步行缆桥均近在咫尺。	['开业：2011', '装修时间：2020', '客房数：135']	https://hotels.ctrip.com/hotels/detail/?hotelId=513804	联系方式：0559-2326666
4	黄山博纳王府大酒店	黄山博纳王府大酒店坐落在风光秀美的徽州山脚下，距离世界文化遗产黄山西递古村落约500步之遥， 距黄山机场、黄山高铁站约1个小时车程，距黄祁高速最近的出口约一刻钟车程。	['开业：2016', '装修时间：2016', '客房数：76']	https://hotels.ctrip.com/hotels/detail/?hotelId=5159157	联系方式：0559-5158666
4	合肥明月东一国际大酒店	明月东一国际大酒店是一家集餐饮、客房、宴会、会议、娱乐等为一体的综合型商务酒店，酒店拥有舒适典雅的各类客房295间，38间中餐豪华包厢，850平方米的大型无柱宴会厅及8个不同规格会议厅，能够满足不同类型会议及宴会的需求，内部设有自助餐厅、棋牌室、健身房、清吧等娱乐休闲场所，可满足不同客户群体的需求。明月东一国际大酒店一直致力于向宾客提供最真诚和最舒适的服务，优美的环境、实惠的价格、一流的服务，是您住宿、会议、宴请的理想场所。	['开业：2015', '客房数：295']	https://hotels.ctrip.com/hotels/detail/?hotelId=5292750	联系方式：0551-68138227
4	芜湖颐和尚水酒店	芜湖颐和尚水酒店位于商业繁华，人杰地灵的芜湖市浦江路，临近芜合高速长江大桥收费站出口，交通便利。自酒店驾车至汽车站约15分钟，到方特一期约10分钟，二期、三期、四期约20分钟，距新华联大白鲸海洋公园、鸠兹古镇约20分钟车程。酒店配备大型环绕式停车场，可以畅享免费停车。	['开业：2016', '装修时间：2018', '客房数：183']	https://hotels.ctrip.com/hotels/detail/?hotelId=5296733	联系方式：0553-5907777
4	合肥尚都酒店	合肥尚都酒店位于合肥市城市快速通道——南一环（屯溪路）与桐城路交口，北临闻名中外的包公文化旅游区，地理位置优越，环境闹中取静，交通十分便利。	['开业：2011', '装修时间：2017', '客房数：192']	https://hotels.ctrip.com/hotels/detail/?hotelId=533045	联系方式：0551-62233777
4	月隐泊舍·宏村度假民宿	月隐泊舍·宏村度假民宿位于际联镇宏东村后街，民宿距离南湖，月沼景点三到五分钟路程；“一生痴绝处，无梦到徽州”，宏村是徽派建筑村落里具有代表性的村子，素有“中国画里的乡村”之美誉，《卧虎藏龙》曾在此处取景，月隐泊舍就坐落在宏村景区内，目光所及之处，皆是山水画卷，美不胜收。	['开业：2019', '客房数：17']	https://hotels.ctrip.com/hotels/detail/?hotelId=54426528	联系方式：15176730910
4	雷克泰国际酒店(合肥天鹅湖万达广场店)	雷克泰国际酒店（合肥天鹅湖万达广场店）是雷客泰酒店集团旗下的高端品牌，位于合肥政务区美丽的天鹅湖畔，门口有6条公交线路通过和地铁3号线出入口，环境优美，交通便利，毗邻合肥市政府、安徽广播电视台、合肥大剧院、合肥奥体中心、合肥八中等，周边更配有万达广场、银泰中心、新地中心，万象城等高端商业广场及高档写字楼，另有教育（合肥八中）、（省立医院南区）、银行（建设银行、光大银行、邮储银行、农业银行）等配套设施。	['开业：2020', '客房数：79']	https://hotels.ctrip.com/hotels/detail/?hotelId=54449035	联系方式：0551-66578886
4	合肥高新麦客达温德姆酒店	合肥高新麦客达温德姆酒店坐落于合肥市国家高新技术开发区，酒店紧邻合肥6中高新分校，离地铁2号线客运西站口约0.5KM，距离机场高速、长江西路高速口、高新区管委会、高新银泰城约5分钟车程，交通便利，环境幽雅，致力于为您提供贴心、周到、全方位的服务。	['开业：2019', '客房数：258']	https://hotels.ctrip.com/hotels/detail/?hotelId=54625950	联系方式：0551-66018777
4	合肥淮河路步行街明光路地铁站亚朵酒店	酒店位于胜利路与明光路交叉口恒大中央广场，距地铁一号线明光路站约200米，毗邻合肥火车站和明光路汽车站。附近有机场巴士站点。酒店约2公里内还有淮河路步行街约、逍遥津公园、包河万达、李鸿章故居、包公祠。	['开业：2020', '客房数：86']	https://hotels.ctrip.com/hotels/detail/?hotelId=54628056	联系方式：0551-66660008
4	合肥马鞍山路朱岗地铁站亚朵酒店	合肥马鞍山路朱岗地铁站亚朵酒店地处繁华购物中心——包河万达广场周边，太湖路与马鞍山路交汇处。	['开业：2016', '装修时间：2016', '客房数：80']	https://hotels.ctrip.com/hotels/detail/?hotelId=5462819	联系方式：0551-65568188
4	黄山从筑西舍乡野酒店	汤家庄村坐落于闻名遐迩，蜚声海外的黄山风景区的西大门，村内风景灵秀多姿，山水相印，宛若远离尘世的世外桃源，而西舍乡野酒店便在这桃源中悄然盛开。西舍的地理位置得天独厚，若好山，想领略黄山风光和游览徽州文化，往南到黄山西大门15公里，至水墨宏村55公里，两大景区顷刻即达；若乐水，北距太平湖风景区也仅20公里，游湖泛舟，品尝湖鲜鱼宴自然不在话下。西舍酒店建筑面积为：2700平米，其中客房总面积700平米，现已精心设置了客房总数15间，为了给到达西舍的旅人有更好的入住体验，已区分为标间5间，大床房2间，景观套房6间，观景豪华套房2间。在15间客房里，旅人都可以享受一系列的尊贵服务以及贴心细致的管家服务，我们想做的，就是让客户感受到舒适。与之相对应的是西舍乡野餐厅，面积有400平米，内含咖啡厅，休闲酒吧，健身房，棋牌室，日式汤池，有机菜园，戏水泳池以及茶饮空间；这些配套设施的一切都是为了让每一位到达西舍的客户，在这里可以停下来，得到真正意义上的身心放松。	['开业：2020', '客房数：15']	https://hotels.ctrip.com/hotels/detail/?hotelId=54852862	联系方式：0559-8555599
4	花筑·宏村稻田星空美宿	花筑·宏村稻田星空美宿位于安徽省黄山市宏村东山下，距离宏村景区步行约5分钟时间，步行去宏村商业街10分钟左右路程，提供宏村停车场到店提供免费接送服务（详情请咨询商家）。民宿周边景点众多，离塔川，木坑竹海开车约5到10分钟，距离西递景区，南屏景区，秀里影视等开车约10到20分钟时间，距离黄山景区开车约50分钟。	['开业：2020', '客房数：10']	https://hotels.ctrip.com/hotels/detail/?hotelId=55236609	联系方式：18757166975
4	宏村山居小隐·何泽堂文化酒店	“青砖小瓦马头墙，小桥回廊绣阁藏”。坐落于古徽州六县之一黟县宏村景区附近的黟县山居小隐·何泽堂文化酒店，她不仅保留了古徽派典型建筑风格，同时又结合现代生活，打造成了具有独特魅力的乡瘾民宿。住客们走走停停，目光所及，点滴之处都能感受到她的婉约和风韵。	['开业：2020', '客房数：14']	https://hotels.ctrip.com/hotels/detail/?hotelId=55468961	联系方式：18055943499
4	开元颐居·黄山巷野汤口店	开元颐居·黄山巷野汤口店位于汤口镇汤口翡翠路，紧邻黄山景区南大门，约800米，民宿隐于巷野山间，空气清新，环境清幽。	['开业：2020', '客房数：15']	https://hotels.ctrip.com/hotels/detail/?hotelId=56466155	联系方式：19955970886
4	山语生活·黄山设计美宿	山语生活·黄山设计美宿坐落于黄山景区，与黄山入口南大门近在咫尺，相邻长途汽车站、景区换乘中心。	['开业：2020', '客房数：13']	https://hotels.ctrip.com/hotels/detail/?hotelId=56795806	联系方式：0559-5565666
4	合肥融创美居酒店	合肥融创美居酒店位于合肥融创文旅城内。合肥融创文旅城坐落于安徽省省会合肥市滨湖新区核心，打造了合肥融创乐园、融创茂、豪华度假酒店群、滨湖酒吧街四大业态。	['开业：2016', '装修时间：2016', '客房数：577']	https://hotels.ctrip.com/hotels/detail/?hotelId=5702767	联系方式：0551-65808888
4	合肥梅里美假日酒店	梅里美假日酒店是安徽和煦园餐饮集团投资建设的集住宿、餐饮、宴会等为一体的商务会议性酒店，以给贵宾提供尽善尽美的优质服务为宗旨，时刻营造健康、舒适、全面的服务环境。酒店客房装修以高贵典雅的新中式为主题风格，提供健康、舒适的行政标准间、高级大床间、行政标准间、高级大床间和行政套间等各类优质客房。坐拥北一环财富广场与新天地核心商务圈，距合肥新桥国际机场40分钟车程，合肥南站30分钟车程，酒店拥有大型地面、地下停车场、中央空调、24小时热水淋浴，无线畅游等各类设备设施，一切只为满足您所需。	['开业：2016', '装修时间：2017', '客房数：220']	https://hotels.ctrip.com/hotels/detail/?hotelId=5723397	联系方式：0551-62612288
4	花筑·悦澜山民宿(黄山景区换乘中心店)	民宿坐落于黄山景区脚下芳村新村度假区——芳村路，距离景区换乘中心大约2.5公里（免费接送），距离宏村景区约30公里。	['开业：2020', '客房数：14']	https://hotels.ctrip.com/hotels/detail/?hotelId=57674326	联系方式：0559-2198188
4	黄山慰颜府·诗莉莉文化遗址酒店	黄山慰颜府·诗莉莉文化遗址酒店位于黄山千年古村西溪南景区，由江南四大才子祝枝山的儿时故居复建而成，酒店被一片枫杨林包围着，旁边有一条内河流淌而过，极其隐秘而清幽，是整个西溪南景致较好的地方。	['开业：2018', '客房数：49']	https://hotels.ctrip.com/hotels/detail/?hotelId=5767961	联系方式：13345696889
4	宏村壹號艺术精品酒店	宏村壹號艺术精品酒店位于宏村景区内，停车场检票口旁，紧邻南湖，地理位置优越。徽州民宅传统外观，沉稳内敛，七间客房风格迥异、各具创意、现代风格装修、大气奢华，开窗见南湖，感受徽派民居的古朴与现代建筑的完美契合，纵览宏村风光。酒店配套两个公共露台，蒙古包风情的圆形玻璃樽餐厅，顶部喷泉独具特色，另酒店提供西式咖啡茶点和地道徽菜。白天，南湖的清风和水系温柔地穿堂而过；入夜，湖上的月色和室内的灯影交相辉映，沉静的湖景和周围的山峦，可谓悠悠山水间，宏村独壹號。	['开业：2016', '客房数：7']	https://hotels.ctrip.com/hotels/detail/?hotelId=5889260	联系方式：0559-5543789
4	黄山水墨轩文化主题酒店	黄山水墨轩文化主题酒店坐落于著名的5A级风景区——黄山，地理位置得天独厚，距离黄山南门登山入口检票处约500米，酒店可提供免费停车位，给自驾来的游客提供方便，可提供高铁拼车，包车服务，免费提供自助洗衣机，微波炉，冰箱等服！	['开业：2018', '装修时间：2019', '客房数：19']	https://hotels.ctrip.com/hotels/detail/?hotelId=5903028	联系方式：13965506213
4	合肥凌冠大酒店	凌冠大酒店，属于安徽金悦徽情餐饮管理有限公司旗下品牌酒店。酒店地理位置优越，交通便利，位于合肥市经开区紫云路与青龙潭路交叉口，酒店距离4A级景点徽园10钟左右，距离滨湖万达文化旅游城15分钟左右，距离三河古镇30分钟左右，距离合肥高铁南站15钟左右，距离合肥新桥机场40分钟左右，总营业面积约20000平方米，有各类客房近200间，豪华餐饮包厢20余间, 8个风格各异的大型多功能大厅，酒店参照国际星级酒店标准装修配置，是集餐饮、客房、商务会议、棋牌、娱乐于一体的星级酒店。	['开业：2019', '客房数：172']	https://hotels.ctrip.com/hotels/detail/?hotelId=59409312	联系方式：0551-63516658
4	黄山华香居酒店	酒店地处市中心屯溪老街，毗邻新安江、戴震公园，周边环境幽雅，交通便利。	['开业：2020', '装修时间：2020', '客房数：62']	https://hotels.ctrip.com/hotels/detail/?hotelId=59412469	联系方式：0559-2625555
4	宏村云养山水·归云山房	客栈座落世界文化遗产宏村古村落景区内（临湖路1号），面朝南湖，东临湿地，是宏村内**的观景与休闲的度假之地。这里有古老的徽州园林和三幢明清时期保存完整、做工精美的徽派古建筑构成，是古代徽商与做官的大户人家住宅，后来通过合理与精细的修缮利用，成为一座徽州文化与现代生活相融的舒适雅致私家庭院；是为众多朋友追寻历史记忆的一座桥梁；更是你忙碌生活中的一个放松发呆的驿站。	['开业：2016', '装修时间：2020', '客房数：11']	https://hotels.ctrip.com/hotels/detail/?hotelId=5973195	联系方式：18098578008
4	宏村栖梧·旅行精选徽派景观民宿	在这里，别谈论未来，别着急赶路，只管享受当下，考究美食，享受生活。	['开业：2020', '客房数：19']	https://hotels.ctrip.com/hotels/detail/?hotelId=60169006	联系方式：18154186668
4	宏村府基度假山庄	宏村府基度假山庄位于安徽省黄山市黟县碧山村，周围环境清幽舒适，空气清新。本山庄占地面积70余亩，现已开发10余亩，拥有39间客房，青山绿水，优美安静的庭院， 古老的徽派建筑和现代简约的中式风格相结合的一家民宿，客房独立且风格迥异：有日式风格、亲子套房、情侣套房等。客房宽敞舒适，采光很好，房间里面还配备了茶几 、榻榻米 、懒人沙发……山庄拥有琴棋书画茶功能的场所，有独立画室、茶室、游泳池、会议室、餐厅、酒吧以及可以登高望远的摄影亭阁等丰富的休闲区。酒店由设计团队打造，有专业贴心的管家式服务。另配有大型户外停车场与互动采摘园、蔬菜园，可以亲自体验农耕生活，为您打造一个世外桃源般的休闲环境，为您带来轻松、愉快的自由享受。	['开业：2020', '客房数：39']	https://hotels.ctrip.com/hotels/detail/?hotelId=60904295	联系方式：19955909888
4	黄山龙骏家园民宿	黄山龙骏家园民宿位于黄山市腹地，徽杭高速，合铜黄高速交汇处，是上海，杭州，千岛湖，黄山旅游线路必经要道，距黄山风景区、宏村、西递景区约40公里，距西溪南、呈坎、屯溪老街、黎阳IN巷、潜口民宅约30分钟内车程。	['开业：2019', '装修时间：2019', '客房数：120']	https://hotels.ctrip.com/hotels/detail/?hotelId=60978607	联系方式：0559-2761600
4	山水间喜新恋旧酒店(黄山屯溪老街店)	“山不在高，有仙则名，水不在深有龙则灵”提起山水，无外乎朦胧的诗意，一山一水一宿家。坐落于徽州古村落，毗邻三江交汇处，山与水的灵气聚集在这里，地理位置得天独厚。古老的徽派建筑重新注入了设计师的灵感，令她格调雅致，古朴清新，焕发出新的生命。文峰桥灯火辉煌，黎阳IN巷幽静典雅，磅礴或静谧，潮流或文艺，都在这里。酒店配套设施齐全，一楼设有素食餐厅、泳池、还原理疗、书吧、瑜伽、国学厅，给您打造健康养生的原生态服务体系，二三四楼有共有31间客房，依江而居，每间客房展示着自己的独特风格，巨大的落地窗带来视觉上的绝美盛宴，一米阳光，一丝云霞，一点飞鸥，水天一线。在放慢的生活中，让眼睛感受自然的魅力。在山水间，每一份美味都来自大厨的精心打造，每一份贴心都来自管家的周到服务。吾心安处即吾乡，当您陷入日渐忙碌的生活，山水间，给您归家的宁静与舒适。 一本书，一杯茶，许是一个下午；一次讲堂，一份美食，许是一次洗礼。山水间，用山一般的怀抱，水一般的柔情，给您专属家的温馨。您若清风徐来，我们在这里，为您盛开！	['开业：2020', '客房数：31']	https://hotels.ctrip.com/hotels/detail/?hotelId=6118718	联系方式：15905595858
4	黄山徽迹云阁民宿	黄山徽迹云阁民宿距徽杭高速公路2号口和屯溪国际机场车程很近，承载了民宿主人对徽州生活的热忱。徽迹--土生土长的徽州人将日常生活的元素及场景融入民宿的每一处，将徽州生活里的仪式感倾尽呈现，享受生动的徽州生活现场；云阁--“云阁綺霞生，旗亭丽日明”，这里是徽州生活的乌托邦，有地道的徽州美景，纯粹的徽州文化，在这里被倾听、被安抚、被打动，拥抱放松、开阔的自我和世界。 	['开业：2020', '客房数：14']	https://hotels.ctrip.com/hotels/detail/?hotelId=61452153	联系方式：0559-2571122
4	CityNote希诺酒店(黄山屯溪老街景区店)	CityNote希诺酒店(黄山屯溪老街景区店)位于屯溪老街景区内，近西面出口，并且与黎阳老街紧邻，乘车距离机场15分钟，高铁站30分钟。，周边餐饮、娱乐等配套设置齐全，地理位置优越、交通便利，是旅游人士的理想选择。	['开业：2020', '客房数：42']	https://hotels.ctrip.com/hotels/detail/?hotelId=61670745	联系方式：0559-2341777
4	黄山一支百合古董珍藏智慧民宿	一支百合古董珍藏民宿是每一个旅途中人，都有自己精彩纷呈的人生，酒店集古文物收藏与展示、智慧科技产品的应用、新型设计施工方法于一身。	['开业：2020', '客房数：9']	https://hotels.ctrip.com/hotels/detail/?hotelId=61729732	联系方式：15155993300
4	黄山筠庭轻奢度假民宿	黄山筠庭轻奢度假民宿位于黄山风景区汤口镇南大门，紧临新国线南大门东岭换乘点。	['开业：2020', '客房数：24']	https://hotels.ctrip.com/hotels/detail/?hotelId=61821599	联系方式：18855950555
4	印象大酒店(黄山景区换乘店)	印象大酒店（黄山景区换乘店）坐落于黄山风景区南大门，距离东岭换乘中心约50米，换乘登山极为方便。酒店隶属于黄山印象文化有限公司，是您出行的理想选择。	['开业：2018', '装修时间：2020', '客房数：66']	https://hotels.ctrip.com/hotels/detail/?hotelId=6211700	联系方式：0559-5565588
4	合肥高新希尔顿欢朋酒店	合肥高新希尔顿欢朋酒店坐落于美丽的高新技术产业园区，毗邻1912商业街区，大蜀山森林公园，环境优美，交通便利。	['开业：2016', '客房数：106']	https://hotels.ctrip.com/hotels/detail/?hotelId=6264194	联系方式：0551-65225666
4	安庆世纪缘国际酒店	安庆世纪缘国际酒店，是南京酒店领军品牌——世纪缘酒店集团在安庆地区打造的地标性高星级酒店，项目规划建筑面积近3万平方米。酒店集客房、餐饮、会议、宴会、娱乐为一体，配备12个宴会大厅、8个梦幻婚礼堂、豪华尊贵VIP包厢、华美温馨精美客房、美食荟萃舌尚自助、年轻时尚碉堡烤鱼、潮流“黑科技”KTV。客房装修简约设计，清新典雅，安庆美丽夜景一览无余。时尚网红餐厅碉堡烤鱼、舌尚海鲜烤肉自助引领安庆餐饮新风尚，豪华尊贵包厢、超大宴会厅、不同规格会议室、一站式婚礼堂，全面配备先进灯光音响设备，高清LED大屏，是您举办会议和婚宴的理想之选。柏拉图KTV为一线城市最前沿科技，高级音响设备，让各位宾客在享受尊贵的同时放松心情，尽享愉悦。	['开业：2020', '客房数：127']	https://hotels.ctrip.com/hotels/detail/?hotelId=63279541	联系方式：0556-5401888
4	沁心茗香轻奢别院(九华山换乘中心店)	沁心茗香轻奢别院（九华山换乘中心店）坐落于九华山山脚下，地理位置优越，距九华山换乘中心约1分钟车程，距离大愿文化园约300米，亦可一睹大佛尊荣，十分方便。民宿有不失诗意的庭院可以喝茶聊天，休闲区提供了各类设施，您可以在这里舒缓身心压力。咱们远离尘世喧嚣，坐落于气候舒适，风景秀丽的九华山，致力于打造适合人们居住的生活环境。	['开业：2020', '客房数：38']	https://hotels.ctrip.com/hotels/detail/?hotelId=63350096	联系方式：17756645885
4	天柱山陌上天鹅堡民宿	天柱山陌上天鹅堡民宿位于安徽潜山市天柱山风景区游客中心（P1停车场西侧），是“天柱山下有个俄罗斯村”的所指地。民宿占地3800平方米，外形呈俄式城堡状，房间设施轻奢北欧风格，共有客房32间，另配置有陌上餐厅、咖啡、酒吧、演绎、图书、游泳池、私人影院、会议室、大型停车场等；有幸被爱、无愧山海。天柱山陌上天鹅堡民宿是来天柱山旅游度假选择之地。	['开业：2020', '客房数：32']	https://hotels.ctrip.com/hotels/detail/?hotelId=63350923	联系方式：0556-8357888
4	芜湖海螺商旅酒店	酒店位于芜湖市镜湖区文化路，地处芜湖市中心城区，紧邻镜湖区政府，背靠郁郁葱葱的赭山，地接千年古刹广济寺（小九华）之灵气，交通快捷、停车便利。 	['开业：2000', '装修时间：2018', '客房数：218']	https://hotels.ctrip.com/hotels/detail/?hotelId=638416	联系方式：0553-3118688
4	宏村溪云畔月•度假精选徽州百年名宅艺术民宿	宏村溪云畔月•度假精选徽州百年名宅艺术民宿位于宏村镇宏村景区内月沼。	['开业：2020', '客房数：18']	https://hotels.ctrip.com/hotels/detail/?hotelId=64226088	联系方式：15955900002
4	九华山通江万信酒店	九华山通江万信酒店是上海通江投资集团有限公司投资兴建的高级商务酒店，位于陶冶身心、涵养德性的修身圣地安徽青阳，周边商业发达，商业广场近在咫尺，交通便利。	['开业：2016', '客房数：134']	https://hotels.ctrip.com/hotels/detail/?hotelId=6443458	联系方式：0566-2568888
4	徽自在客栈(黄山屯溪老街店)	徽自在客栈(黄山屯溪老街店)位于黄山屯溪区黎阳in巷近游客服务中心，延安路老街口，门前是清清的新安江，屋后是徽韵浓浓的黎阳水街。	['开业：2019', '客房数：16']	https://hotels.ctrip.com/hotels/detail/?hotelId=6469477	联系方式：0559-2358855
4	华尔顿酒店(合肥高铁西站店)	酒店坐落于三实大厦，位于潜山路与高刘路交叉口，3号线合肥新高铁西站2号出口，毗邻万科中心，四里河，万科森林公园，凤凰城，合肥新高铁西站，交通便利。	['开业：2020', '客房数：94']	https://hotels.ctrip.com/hotels/detail/?hotelId=65110039	联系方式：0551-66011889
4	九华山茶溪健康小镇	九华山茶溪健康小镇位于去往九华山的必经之路，距离九华山换乘中心约5分钟车程；酒店所在的小镇，是国家运动休闲小镇，并有AAA级景区-皖南300村；酒店周边有大愿文化园、杏花村、九华天池、莲峰云海等旅游景点。	['开业：2013', '客房数：530']	https://hotels.ctrip.com/hotels/detail/?hotelId=661199	联系方式：0566-2588999
4	九华山禅居民宿	九华山禅居民宿位于九华山核心景区内，毗邻肉身宝殿，周围餐饮、娱乐、交通等生活配套齐全，出行便利。　　酒店倾力一年打造新一代轻奢苏氏庭院INS风，十六间豪华客房均配备舒适床品，泰国乳胶枕，高端定制洗漱用品，多数客房配备了小度智能语音家居系统、浴缸、双层隔音防晒玻璃等，给您带来安逸舒适的睡眠环境。　　大堂吧紧邻月身宝殿，春冬两季可在这里欣赏到九华山美丽的雪景。庭院中屋檐楼阁勾勒出四水归堂，百余条锦鲤在透明的回廊中游弋，民宿独特的地理位置可以体验晨钟暮鼓。定制8米回旋流水茶台、阳光茶室、书吧，让您在恬静的午后肆意徜徉佛山的时光。夜晚您还可以到酒店的中庭赏月，饮茶，会友，举行小型的茶话会。　　因缘际会，礼佛，静心，禅修，放空，禅居的家人们在此恭候。	['开业：2020', '客房数：16']	https://hotels.ctrip.com/hotels/detail/?hotelId=66686926	联系方式：0566-3296666
4	天柱山七仙女国际大酒店	天柱山七仙女国际大酒店地处风景名胜区——天柱山麓，是去往天柱山风景区的必经之路。	['开业：2009', '客房数：178']	https://hotels.ctrip.com/hotels/detail/?hotelId=668653	联系方式：0556-8555777
4	宁国国际大酒店	宁国国际大酒店地处市中心，位于津河东路与宁城北路交汇处，毗邻黄山、杭州、上海、无锡、苏州等地，距四大银行约百米，与政务中心相融，距皖南“川藏线”入口约2.5公里，与吴越古道、青龙湾风景区、夏霖瀑布等景区约半小时至一小时车程。	['开业：2009', '装修时间：2017', '客房数：117']	https://hotels.ctrip.com/hotels/detail/?hotelId=669335	联系方式：0563-4032999
4	黄山竹涧山舍民宿	黄山竹涧山舍民宿位于黄山风景区南大门芳村新村度假区，距离黄山换乘中心5分钟车程。环境清幽，紧临竹林，茶园和山涧小溪。民宿有约300平米的庭院，可户外BBQ，有酒吧和帅哥调酒师，有茶台，书吧和儿童游乐设施。竹涧山舍是一家有亲和力的民宿，设计风格舒适简约，有生活气息，不搞那些装逼的东西。老板把所有来山舍的客人都当作自己的老朋友真诚接待，所有来山舍的人也都像到了老朋友家一样亲切舒适。竹涧山舍，一个给您温暖和美好回忆的地儿！	['开业：2020', '客房数：12']	https://hotels.ctrip.com/hotels/detail/?hotelId=66963895	联系方式：18655961175
4	橙子国际酒店(安庆七街店)	橙子国际酒店（安庆七街店）位于宜秀区大桥街道祥和路，毗邻七街广场、菱湖公园，光彩大市场、吾悦广场、弘阳广场、体育馆、市政府，安庆职业技术学院、外国语职业技术学院。	['开业：2020', '客房数：130']	https://hotels.ctrip.com/hotels/detail/?hotelId=67053071	联系方式：0556-5537777
4	黄山环翠堂滨江酒店	黄山环翠堂滨江酒店位于黄山屯溪老街新安江大桥南侧，地理位置优越，交通旅游便捷，与流动的“清明上河图”屯溪老街仅一桥之隔，酒店周边设施配套齐全，有徽菜名店环翠堂饭店、KFC、天润发超市、娱乐KTV、火锅、烧烤、游乐场等。                                                                                   酒店拥有各类客房40余间，临新安江而建，江景房可欣赏新安江美景，并且所有房型均配有金可儿床垫和科勒卫浴，让您旅途休闲中尽得奢华品质。 同时环翠堂旗下另有餐饮、康体娱乐服务，提前预约，可提供免费接送服务。应有尽有，尽享生活品质。	['开业：2020', '客房数：45']	https://hotels.ctrip.com/hotels/detail/?hotelId=67165443	联系方式：0559-2588808
4	合肥柏栎荟舍酒店	酒店隶属于合肥海明德酒店有限公司，由柏栎酒店管理（成都）有限公司运营，是以一家现代化简约精致装饰风格酒店。酒店坐落于合肥市蜀山区繁华的安医大二附院港澳广场商圈，地理位置优越，交通便利。毗邻安医大二附院、港澳广场、省博物馆、徽园、合肥海洋世界、中环城、正大广场、明珠广场等商圈景点。酒店距合肥新桥国际机场约40分钟车程，合肥高铁南站约20分钟车程，距离合肥火车站约30分钟。酒店共拥各类房型房间102余间，220平中型会议室1间，110平小型会议室两间。一品轩餐厅有中西餐自助早餐厅餐位100位、10-15人位高端私密包厢4个。徽韵梦轩阁SPA棋牌等各项综合服务设施一应俱全，是您商务、旅行、会议、休闲的理想选择!	['开业：2020', '客房数：102']	https://hotels.ctrip.com/hotels/detail/?hotelId=67226091	联系方式：0551-65227788
4	黄山箬昔·日记里民宿	黄山箬昔·日记里民宿在被称为“黄山最美原始风光村落”的箬昔坑，李白曾作诗赞曰“回溪十六渡，碧嶂尽睛空”。黄山箬昔·日记里民宿引进了行隐私人管家式服务管理体系，这里毗邻黄山南大门12公里左右，约8公里的环山公路让人充分体验“车绕青山中，溪流十八弯”的驾驶体验。两条清澈见底的小溪环绕清隐阁，是黄山风景区一条全年不间断，民宿依阮溪山而建，青山绿水触手可及，四面碧嶂冬暖夏凉，是黄山风景区上佳的避暑避寒度假胜地。当地大厨为你精心准备健康、低价的黄山当地美食;客栈还可以帯你体验挖冬笋、采毛峰、死野味、探瀑布等活动，深度体验黄山当地农耕生活。民宿配套：地暖、中央空调、乳胶床垫、实木家具、智能卫浴、冲浪浴缸、恒温淋浴，室外无边泳池、制茶共享体验区、情调餐厅、书吧、阳台瑜伽区、天台烧烤区。	['开业：2020', '客房数：16']	https://hotels.ctrip.com/hotels/detail/?hotelId=67317942	联系方式：18968773935
4	花筑·雍景园酒店(黄山屯溪老街店)	酒店位于黄山市屯溪，毗邻新安江，与屯溪老街黎阳印象仅一水之隔，步行十多分钟即到，距离飞机场10分钟车程，高铁站20余分钟车程，距离黄山风景区汤口镇，宏村景区，西递景区，徽州古城均为1小时左右车程，交通便利。为黄山市交通、行政、教育、休闲中心、黄山学院近在咫尺。酒店由3层主楼组成，门前及小区设有停车位，拥有为旅游、商务人士设身打造的和风精致大床房、双床房。酒店提供高品质的客房产品，设施细致，温馨的服务，带给您自然、静谧、温暖、朴实的健康生活方式。是您商务、旅游出行的优质选择。	['开业：2020', '客房数：48']	https://hotels.ctrip.com/hotels/detail/?hotelId=67324234	联系方式：19905595818
4	合肥滨湖方莱国际大酒店	坐落于滨湖世纪城，不论您是商务出差还是休闲旅游合肥滨湖方莱国际大酒店都是理想的下榻之处。酒店地理位置优越，距离新桥国际机场47km，距离合肥南站9km。著名的景点维迪斯水上乐园和丛林探索馆均在酒店附近，您可根据时间提前做好行程安排。</br>酒店为您在客房内配备了国际长途电话、熨衣设备和房内保险箱，所有入住的客人均可便捷的使用。电热水壶和免费瓶装水可供使用，便捷的客房设施定能让您倍感舒适。浴室内提供拖鞋、24小时热水和吹风机，让您感受到宾至如归的享受。您可到酒店的中餐厅和西餐厅，在优雅的氛围中尽情享用美食。在大堂吧点上一杯消除一天的疲劳，对于旅客来说是一个不错的休闲选择。如果您喜欢安静的用餐，酒店可以提供房间送餐服务。若是觉得酒店的餐饮无法满足您挑剔的味蕾，附近碗里壮(滨湖悦方店)（江浙菜）的翡翠豆酥、麓云小镇(世纪金源店)（湘菜）的铁板烤虾和世纪金源大饭店汇景阁自助餐厅（自助餐）的烤牛排或许能勾起您的食欲。</br>在漫长的一天结束后，游客可以在SPA和桑拿浴室进行放松，可大大提升您对酒店的满意度。酒店的会议厅提供优质服务，是众多商旅客选择入住这里的原因。24小时开放的前台服务可为您随时提供信息，以帮助您探索这个魅力之都。酒店为所有入住客人提供免费停车场。	['开业：2017', '客房数：248']	https://hotels.ctrip.com/hotels/detail/?hotelId=6748235	联系方式：0551-68823000
4	宏村溪墅·轻奢民宿	宏村溪墅·轻奢民宿座落于中国画里乡村---5A景区宏村，国际旅游胜地，世界文化遗产；酒店位于宏村景区，核心景点旁，近商业街,月沼，邮局；休闲度假，旅行，美食，希望遇到志趣相投的您；民宿设计装修，历经3年半时间打造，有传统徽式风格，也有现代轻奢风格，大大的落地窗，观景露台；结合酒店与民宿二者为一体的装修理念。纯手工的家具，进口乳胶床垫，智能马桶，科勒卫浴，电动窗帘，部分房间有超大浴缸，所有房间配有地暖，单独WIFI覆盖，卫生间与淋浴间干湿分离，全部网络液晶电视，部分房间有投影，看电影的理想选择。酒店配有中餐厅，咖啡馆，茶室，休闲度假的好去处，理想的家；交通便利，购物娱乐齐全，月沼网红打卡地，管家景区门口免费接送，一对一服务；欢迎来自五湖四海的朋友光临，并为您量身定做旅行建议，在舒适有品位的休闲空间里，让您有足够的理由相信，不虚溪墅一宿，除了感受唯美永恒的古典村落之厚韵，还能让您得到宏村人为您奉上的一份淳朴如家的真诚服务，留下一份珍贵的记忆。	['开业：2020', '客房数：17']	https://hotels.ctrip.com/hotels/detail/?hotelId=67665905	联系方式：13335591258
4	宁国雷迪森维嘉酒店	宁国雷迪森维嘉酒店坐落在安徽省宁国市汪溪街道滨江大道66号（党校旁），拥有得天独厚的地理位置和便利的交通环境。酒店配备豪华宴会厅，免费停车场，自助洗衣房，健身房，是集住宿、餐饮、会议于一体的综合性酒店。酒店拥有豪华房、商务房、家庭三人房、豪华套房等各类型房间155间。是您会议培训、商务出行、旅游度假的理想入住场所！	['开业：2020', '客房数：155']	https://hotels.ctrip.com/hotels/detail/?hotelId=68008528	联系方式：0563-4173888
4	花筑·常品山居民宿(九华山肉身宝殿店)	“礼佛九华圣境，下榻常品山居。” 花筑·常品山居民宿酒店|九华山肉身宝殿店坐落于九华老街街上，距离全国重点寺院地藏王菩萨的月身宝殿约60米之遥。古人诗咏此地时说：“风撼塔铃天半语，众人都向梦中寻”, 常品山居正是人们听塔，寻梦的**去处。山居所处地理位置与周围环境四季谐趣，久住不厌。屋舍建设以徽派建筑格调为主，园林式休闲院落与新中式客房相融合，禅的意境如法如愿，简约的主题应时应机；山居附设别具一格，茶室禅床、户外揽胜、哲人雅聚、儿童娱乐等一应设备齐全；空调地暖悦人、智能卫浴省心。	['开业：2020', '客房数：6']	https://hotels.ctrip.com/hotels/detail/?hotelId=68072292	联系方式：13866577941
4	宏村泊隐民国里民宿	黟县屏山村依山傍水，吉阳溪水自北向南穿村而过，村中房舍沿溪流两岸建造。为了方便两岸住户的往来，明朝成化年间，在小溪上建了八座石拱桥，俗称为“长宁八古桥”。宏村泊隐民国里民宿位于屏山村村口，依山傍水，占地十亩徽式园林设计，每间房间结合典雅韵味民国风的文化特色，古雅、舒适，而窗台园景将青山绿水田园景致收揽入室，让你枕山而卧，拥绿而眠。	['开业：2020', '客房数：10']	https://hotels.ctrip.com/hotels/detail/?hotelId=68080611	联系方式：18855920555
4	丽呈睿轩酒店(安庆太昕广场店)	丽呈睿轩酒店(安庆太昕广场店)是丽呈集团倾力打造的古典新中式特色的高标准连锁酒店，位于安庆市宜秀区迎宾东路太昕广场，安庆客运中心站，高铁站近在咫尺。徽州皖韵，黄梅畅享，作为五大传统剧中之一的黄梅戏，源于黄梅，壮于宜城，距离黄梅戏艺术中心，安庆人们聚集，休闲，唱戏的市民广场约3公里路程。	['开业：2020', '客房数：125']	https://hotels.ctrip.com/hotels/detail/?hotelId=68091922	联系方式：0556-5300999
4	合肥蜀山高新产业园长江西路亚朵酒店	酒店属亚朵酒店集团旗下中高端品牌酒店，酒店为全新3.0版设计，合理的运用了空间，更舒适更方便。亚朵酒店作为国内高品质人文酒店品牌，以流动阅读与属地摄影特色，秉持“人文、温暖、有趣”的产品哲学，为用户提供有温度的舒心服务。在亚朵酒店，总有不期而遇的温暖。    酒店位于合肥蜀山区高新产业园区振兴路和田埠西路交汇处加侨悦山国际，距地铁二号线明振兴路站200米，距合肥新桥机场20公里，酒店2公里内还有大蜀山国家森林、四季花海、合肥植物园等景点，酒店还被蜀山国际电子产业园、合肥创新产业园、蜀山自主产业园、蜀山跨境电子产业园、普洛斯现代服务产业园、扬子科创产业园等大型产业园围绕，是您商务出行的选择。    1、宿归：百兆WIFI接入，会员专享定制服务、舒压热水淋浴、高织裸棉床品，松软羽绒枕芯、全套高端阿芙精油洗护用品，普兰特全乳胶床垫，如此舒适、静谧，只为我造的梦里有你……2、竹居：“读书无嗜好，就能尽其多。不先泛览群书，则会无所适从或失之偏好，广然后深，博然后专”。不求专攻，只是在喧嚣的内心稍是安放时，能在这偶宁静中嗅得芬芳。3、相招：不负美食，必不负梦想，一日的好心情从这里开始！中西结合的自助早餐，我们恭候与您分享！更有特色属地美食，你总能发现不一样的欣喜！4、汗出：多功能健身房，可以赋予您更专业的体能训练，有氧、健康、活力，第四空间生活方式，在这里你的随行计划总是井然有序。5、出尘：近若邻里，您的出行烦忧是我们最为牵挂的心事，自助洗衣房专业的洗涤烘干设备和我们为您精心挑选的安洁洗衣消毒用品，让您焕然一新的想法不再是出行负担，当然，您的一声召唤，我们的小伙伴也非常乐意代劳。在路上，愿亚朵成为您一直相伴的朋友。	['开业：2020', '客房数：126']	https://hotels.ctrip.com/hotels/detail/?hotelId=68100924	联系方式：0551-62628555
4	合肥嘉仕顿国际酒店	合肥嘉仕顿国际酒店位于合肥高新技术开发区核心区域，周边合肥大蜀山森林公园和四季花海，靠近蜀西湖风景区和祥源银泰城，毗邻合肥客运西站、安徽医科大附属医院高新分院、创新大道置地中心，紧邻轨道2号线，交通便利，位置优越。	['开业：2018', '装修时间：2018', '客房数：193']	https://hotels.ctrip.com/hotels/detail/?hotelId=6814953	联系方式：0551-62957999
4	黄山祥源云谷度假酒店	黄山祥源云谷度假酒店位于黄山风景区云谷寺索道旁。	['开业：2019', '客房数：66']	https://hotels.ctrip.com/hotels/detail/?hotelId=6825546	联系方式：0559-5582999
4	合肥品致酒店	合肥品致酒店位于合肥市庐阳区蒙城北路与凤台路交口，是一家集客房、餐饮、会议、康乐为一体的综合性酒店。                                            酒店地理位置优越，距合肥火车站约4公里，车程约10分钟；合肥南站13公里，车程约30分钟。酒店拥有各类高档客房155间，所有房间均由名家设计，布置典雅温馨。还拥有可容纳100余人的会议厅及各类中小型会议室，一系列的高精密视听设备和专业酒店会议筹划人员将保障会议的圆满成功。酒店餐厅位于酒店二层，拥有风格迥异的各类特色豪华包厢，以经营粤菜为主。酒店内配套的健身房、洗衣房、休闲吧等一系列项目，全面满足您的商务之旅。	['开业：2020', '客房数：155']	https://hotels.ctrip.com/hotels/detail/?hotelId=68614093	联系方式：0551-63781999
4	黄山敏儿居美宿	躺在床上可以看黄山全景，窗外就是逍遥溪。这是一家温暖小资又温柔的酒店，这里有香醇的红酒咖啡，超柔软的两米大床，美女老板一开心就喜欢送送送各种当地小吃。春来夏网，秋收冬藏。好好生活，慢慢相遇，一切都是刚刚好。我在敏儿居等你。	['开业：2020', '客房数：11']	https://hotels.ctrip.com/hotels/detail/?hotelId=68678193	联系方式：17755959518
4	合肥保利瑜璟阁酒店	酒店位于合肥市瑶海区铜陵路与裕溪路交叉口保利熙悦府11栋，地处交通要道，周边学校、医院、步行街、公园等配套设施完善，距万达广场、逍遥津公园约10分钟车程，距合肥火车站，高铁南站，汽车总站较近，是您出行下榻的好地方。瑜璟阁作为高品质品牌，酒店高速免费wifi全面覆盖，餐饮休闲区提供免费现磨咖啡、茶品等，轻健身房亦能让您在商务出行之余挥洒汗水保持健康。瑜璟阁坚持质朴、自然、不浮华，不忘初心、关注客人的需求，金可儿公司为瑜璟阁倾力打造的专属“三分之一时光”系列床垫，让您在追逐成功的同时，也享受晨钟暮鼓的宁静，返朴归真，追求心灵深处的安宁与闲适。	['开业：2020', '客房数：201']	https://hotels.ctrip.com/hotels/detail/?hotelId=69313355	联系方式：0551-62849668
4	花筑奢·宏村来燕堂民宿	花筑奢·宏村来燕堂客栈位于世界文化遗产地黄山宏村风景区内，客栈占地一千多平方，共有十一间客房和前中后三个庭院。客栈面朝浥溪，背靠雷岗山，环境优雅，她完美再现了徽派古庭院那种山水掩映，清幽雅致的佳境，是您来黄山休闲度假的好去处。	['开业：2020', '客房数：11']	https://hotels.ctrip.com/hotels/detail/?hotelId=69313362	联系方式：13305599531
4	合肥康睦嘉酒店	合肥康睦嘉酒店位于五矿矿业合肥基地大厦旁，交通便利，距地铁5号线清水冲地铁站约750M，地铁1号线万达云谷路站约2.1KM，为您提供便利的出行方式。	['开业：2021', '客房数：257']	https://hotels.ctrip.com/hotels/detail/?hotelId=70428236	联系方式：0551-62838777
4	合肥四里河希尔顿欢朋酒店	合肥四里河希尔顿欢朋酒店位于合肥市庐阳区潜山北路8号鼎鑫中心B座。毗邻红星美凯龙，万科中心、万科森林公园、淮河路步行街、李鸿章故居，步行2分钟可到达地铁三号线，便捷连通合肥各大核心商圈，交通便利，拥有四通八达的区位优势。	['开业：2020', '客房数：155']	https://hotels.ctrip.com/hotels/detail/?hotelId=70657744	联系方式：0551-62669666
4	宁国皖南川藏线栖又设计民宿	宁国皖南川藏线栖又设计民宿位于皖南川藏线方塘乡方塘村，在皖南川藏线主干道上却不临街，隐匿在一竹片林当中，若隐若现。距离网红景区红杉林仅1公里，驾车2分钟。	['开业：2020', '客房数：10']	https://hotels.ctrip.com/hotels/detail/?hotelId=70786789	联系方式：18119916600
4	黄山东榕华美达酒店	皖南是一片神奇的土地。她物华天宝，养育了万千眷土徽人；她钟灵毓秀，喂哺出诸多名士贤达。黟县正是皖南这片土地上一颗璀璨的星，作为古徽商聚集地和徽文化发祥地，除了贴有“世界文化遗产地、国家生态示范区、中国旅游强县”等名片，黟县还有着“世外桃源、画里乡村”的美誉。西递、宏村是享誉全国的重点文物保护单位，也是国家5A级旅游景区。黄山东榕华美达酒店坐落于黟县城南的东榕酒店&徽州城项目内，傍漳水而成，是温德姆酒店集团旗下酒店品牌。酒店地理位置优越，交通便利。东部衔接宏村旅游景区，南眺西递旅游景区，均在15分钟车程左右。设计师将徽州的文化精髓融入建筑景观，青瓦白墙的点缀让现代感的建筑透露出古拙的韵味。茶余饭后，三两知己信步漳河故道，观漳水潺潺，风舞芦笛，感受河光山色和水墨徽州！	['开业：2020', '装修时间：2020', '客房数：169']	https://hotels.ctrip.com/hotels/detail/?hotelId=70797371	联系方式：0559-5558388
4	黄山君迈酒店	黄山君迈酒店位于屯溪市中心，临新安江支流横江，离著名景点屯溪老街，新旅游景点黎阳水街步行约8分钟；从酒店前往新安江延伸段古村落也仅需10分钟左右车程。	['开业：2014', '装修时间：2014', '客房数：131']	https://hotels.ctrip.com/hotels/detail/?hotelId=708186	联系方式：0559-2585678
4	芜湖松鼠林间酒店	芜湖松鼠林间酒店坐落在芜湖长江之畔的松鼠小镇，毗邻十里江湾公园，东依大学城，西邻中山路步行街，西偎浩渺长江，交通便利，四通八达，是一家集休闲、度假、购物、娱乐为一体的休闲度假酒店。酒店融入松鼠设计元素的建筑风格，与松鼠小镇美好家庭的定位不谋而合，为主人打造更休闲更放松的沉浸式入住体验。酒店有简约不简单的客房，也有适合全家度假的亲子房，以及可以欣赏摩天轮灯光秀的景观房，更有小贱小美的主题民宿，还有隐蔽安静的森系树屋，多样化的房型种类包主人满意；酒店周围的休闲项目丰富，您可以吃到正宗的芜湖家常菜，也可以玩到新奇的文娱项目，轰趴馆、摩天轮、转转杯、鬼屋，应有尽有，满足主人的游玩需求。酒店配备120平方米的多功能会议室-林间作战室，配套的鼠味相投、松鼠捞、老爹私房菜等特色餐厅可以满足您的用餐需求。酒店秉持服务至善、环境至美、品质至臻、主人至上的理念，匠心传承体验式服务真谛，引领休闲娱乐风骚。	['开业：2021', '客房数：134']	https://hotels.ctrip.com/hotels/detail/?hotelId=70988710	联系方式：0553-5203366
4	西递徽娘精品民宿	西递徽娘精品民宿座落在大美的黄山脚下西递景区内，900多年历史的古村落，徽娘民宿，在景区的中心位置。	['开业：2016', '装修时间：2018', '客房数：16']	https://hotels.ctrip.com/hotels/detail/?hotelId=7104971	联系方式：15305591184
4	维也纳国际酒店(合肥南七中科大店)	维也纳国际酒店是锦江酒店中国区中高端商务酒店，也是中国中端酒店领军品牌，全新5.0维也纳国际，以新商旅、深睡眠为核心品牌价值，打造专属于维也纳国际的五感合一的沉浸式体验，合肥南七中科大店为安徽**5.0酒店，酒店位于合肥市第三人民医院旁，周边有中国科学技术大学，安徽大学，中铁四局，省电力公司，安徽省立儿童医院，合肥市第三人民医院，金隅南七里，西湖国际广场，百大购物中心，合肥市五十中学（东校），稻香村小学等。	['开业：2021', '装修时间：2021', '客房数：120']	https://hotels.ctrip.com/hotels/detail/?hotelId=71406713	联系方式：0551-63353888
4	合肥泓瑞步行街美居酒店	合肥泓瑞步行街美居酒店位于合肥市中心庐阳区淮河路步行街商圈中心区域，交通、地理位置优越，毗邻地铁2号线“四牌楼”A出口。直达合肥银泰中心、百盛商场、万达商业广场，距著名景点李鸿章故居、明教寺仅100米步行2分钟，距包公祠仅1公里，步行10分钟，逍遥津公园仅500米步行约7分钟即可到达。酒店拥有270间智能客房,法式设计尽显浪漫及优雅。百兆高速Wi-Fi无线网络覆盖整个酒店。酒店还配备24小时健身房,丰富的中西式早餐的自助餐厅,满足商旅宾客的各类需求。	['开业：2021', '装修时间：2021', '客房数：270']	https://hotels.ctrip.com/hotels/detail/?hotelId=71512556	联系方式：0551-66821999
4	芜湖泊乐艺术酒店	芜湖泊乐艺术酒店，坐落于美丽的滨江公园十里江湾，设计创意源于世界遗产马赛公寓，唯美的建筑像一艘豪华游轮停泊母港，精致奢华富有内涵，格调高雅不入俗流。酒店现代极简的建筑外形，融合了浩瀚江水、孤帆远影和静谧港湾等核心设计元素，2000平米空间中倾心打造了各类江景客房，将江南灵秀和韵致天然完美融合，使成功人士酣畅尽享“几时归去，作个闲人；对一张琴，一壶酒，一溪云”的回归感。	['开业：2021', '装修时间：2021', '客房数：12']	https://hotels.ctrip.com/hotels/detail/?hotelId=71566598	联系方式：0553-6199888
4	希岸酒店(黄山西递宏村店)	希岸酒店（宏村店）位于黄山市黟县碧阳镇，地处黟县中心地段泰和广场，是锦江酒店（中国区）旗下一个定位为时尚轻奢跨界精品的酒店品牌，以“小幸感，宠你开始”为核心价值主张，为客人创造一个优雅、经典、精致的气质专属空间，倡导一种旅途中的新生活态度，Xana life——无论何时，出游何地，选择一个贴心、懂自己的休憩空间。	['开业：2021', '客房数：68']	https://hotels.ctrip.com/hotels/detail/?hotelId=71576110	联系方式：0559-2266777
4	海贝联盟酒店(合肥花园大道滨湖国际会展中心店)	酒店店是一家中高端品牌连锁酒店。酒店地处合肥市包河区南翔茗座商务中心，位于西安路与北京路交汇处，酒店紧邻休闲、娱乐、餐饮、购物、教育为一体的茶里水街和国际级茶品交易中心、茶文化会展中心的华夏国际茶博城。融汇东方意境美学，将尊贵、私密、自然的理念贯穿所有空间，为您打造出独特的、轻奢的、舒适的住宿环境。酒店一楼设有接待处、问讯、预定、贵重物品寄存处等，酒店配备了大堂吧、早餐厅、会议室、洗衣房、商务中心等公共设施，可为宾客提供全方位的服务。酒店装修时尚高雅，设施齐全，环境舒适，服务配套一应俱全。酒店以“快乐酒店，精彩生活”为经营宗旨，采用了科学的经营机制和管理方法，不断追求卓越，得到了社会的认可。无论商务出差，会议团队，旅游出行，还是招待亲友，都是您的理想之选，诚心恭候您的光临！	['开业：2021', '装修时间：2021', '客房数：112']	https://hotels.ctrip.com/hotels/detail/?hotelId=71649215	联系方式：0551-66867788
4	花筑·黄山石上驿宿民宿(宏村景区店)	花筑·宏村石上驿宿    让精品不在遥远	['开业：2012', '装修时间：2020', '客房数：15']	https://hotels.ctrip.com/hotels/detail/?hotelId=717396	联系方式：18855934599
4	黄山云山渡·小鱼温泉民宿	终日昏昏醉梦间，忽闻春尽强登山。因过竹院逢僧话，偷得浮生半日闲。云山渡座落在黄山风景区南大门翡翠谷景区门口，别墅群背靠黄山，环境优美。民宿使用原木装修打造，房间内均设有观景阳台，每层都铺设水暖。房型选择多元化，有loft式、家庭套房式、穹顶式，每一间房因地理优势和景致不同都各具特色，部分房间开设天窗，邀请阳光、星河及云海入的屋来。慢下来生活可以感受到人间烟火气，配有客房、餐厅、茶吧、书吧、音乐吧及投影会议室等设施，民宿享有温泉小鱼浴池和鱼疗等休闲娱乐服务，快节奏的生活忙碌之际，来一场这样的简单生活何乐不为。本店免费提供黄山汤口镇内接送服务，欢迎大家来感受一下微风，观赏一下风景，体会一次慢节奏的生活，期待我们下一次的相遇！	['开业：2021', '装修时间：2021', '客房数：11']	https://hotels.ctrip.com/hotels/detail/?hotelId=72130096	联系方式：0559-5577356
4	宏村云溪梦影·徽州庭院客栈	一花一树一宅一世界，宏村那个水墨江南的村里有个徽州百年老宅民宿，已经偷偷“美”了几许春秋，穿过古街小巷一进门竟然仿佛穿越到几百年之前。“云溪梦影”位于离宏村景区西门旁，步行至宏村仅需三分钟，进门的院子小巧却精致，黛瓦、粉壁、马头墙，高宅、深井、木雕花，时光在墙头留下斑驳的记忆。踏进百年老宅“读书堂”，曾富甲一方的古宅，主人积德行善，将老宅传承至今。前厅为民宿的安静书画、阅读空间，一进门年轻管家们的笑容就让古宅的氛围变得活泼生动，后厅则保留了古徽州厅堂的布置，添加了茶台，七八个好友背靠徽州经典“四水归堂”聊天品茶，乐得清闲。       右转转进入民宿的接待区，全景的大落地玻璃窗搭配了徽州老楼少有的壁炉、酒吧前台，屋外大雪纷飞，烧上暖暖的木材，瞬间温暖如春。      居住区域，只见徽州老楼、玻璃房和流水构成的画面，恍然进入了另一个空间，打破了对徽州民宿的固定想象。左右两栋房子都是客房区，根据不同的区域分别定义为：流光、清雨、静雅等主题，呈现出不一样的风格和居住体验。   哪怕是在同一个屋檐下，也希望给客人不一样的感受，每间房都是惊喜，每一扇窗看出去都是不同的生活画面。新中式禅修风格的软装设计，让人心静如禅，私人定制家具和舒适高品质的床品、洗漱用品，以及中央空调和地暖的配置，小爱智能化系统让人一夜好眠，实实在在获取度假的幸福。	['开业：2021', '装修时间：2021', '客房数：18']	https://hotels.ctrip.com/hotels/detail/?hotelId=72243352	联系方式：15215598777
4	宏村稻禾宿民宿	稻禾宿的“稻”取之道的协音，志同道合，“禾”是禾苗，春天播种，秋天收获。民宿的设计到施工到落地就犹如禾苗，一点一点的成长，仔仔细细不怠慢每个环节就是为每一位住客的你能感受主人的用心。房间内的床垫是金可儿，铺上康乃馨床上用品，西班牙进口乐家卫浴点缀品牌的洗护套装，麦克威尔中央空调与地暖更加保障了房间的舒适度……700多平的房子面积，只做了16间客房，而且每间客房都不同，设计感都很棒，在这里很适合团建，草地餐聚会，最主要的是民宿主人是西餐大厨，就是把城市的家搬回田野里	['开业：2021', '客房数：11']	https://hotels.ctrip.com/hotels/detail/?hotelId=72244427	联系方式：13733069637
4	维也纳国际酒店(芜湖政务中心方特店)	维也纳国际酒店(芜湖政务中心方特店)位于芜湖市鸠江区官陡街道中江大道，周边资源丰富，交通便利，紧邻芜湖市政府，芜湖市博物馆，与方特梦幻王国、东方神话，雕塑公园，工程大学等约十分钟车程。	['开业：2021', '装修时间：2021', '客房数：130']	https://hotels.ctrip.com/hotels/detail/?hotelId=72598871	联系方式：0553-2862888
4	宏村知道•食舍民宿	皖南的氤氲水汽弥漫连山中一户热情好客的人家“宏村知道”，“青山绿水引诗赋,墨瓦白墙牵画魂”是对宏村·食舍最恰切的形容，宏村知道·食舍民宿坐落于塔川古岭头，是由当地老法师按徽派建筑风格新建的民宿，走廊，天井，亭台，小院皆为精心设计，古朴典雅，曲径通幽。民宿内部房间均可推窗见景，一眼望去远山秋叶。	['开业：2017', '装修时间：2018', '客房数：9']	https://hotels.ctrip.com/hotels/detail/?hotelId=7265845	联系方式：18755968075
4	九华山悦萱溪畔民宿	民宿坐落于九华山风景区柯村新区，群山环绕四季宜人，交通便利，距离九华山游客服务中心450米，可提供接送服务（请咨询商家）。民宿有知名设计师改造而成，典型的北欧简约风。包含茶室、休闲区、健身区、餐厅、儿童游乐区，院落更是放松心灵的好地方！房间有全屋地暖，冬天也让您暖洋洋，电器全智能化，一句“小爱同学”唤醒自己的语音助手帮您操控所有电器！床垫选用大酒店同款金可儿床垫！床上全部采用新疆大棉花制作的裸棉用品，更加的原生态、亲肤！悦萱一个让您休闲度假的好去处！	['开业：2021', '装修时间：2021', '客房数：11']	https://hotels.ctrip.com/hotels/detail/?hotelId=72890069	联系方式：18105665168
4	沁心宽庭·设计美墅(九华山换乘中心店)	坐落在九华山脚下，沁心宽庭·设计美墅（九华山换乘中心店）在青阳占尽地理之宜。对于入住酒店的旅客来说，闲暇时间去附近的地藏王圣像和九华山风景区地藏王圣像景区游玩是一个不错的选择。	['开业：2021', '装修时间：2021', '客房数：38']	https://hotels.ctrip.com/hotels/detail/?hotelId=72984341	联系方式：17719418886
4	花筑奢·一谷一墅(黄山景区南大门店)	地处黄山翡翠谷（情人谷）景区，位于黄山景区脚下，属黄山风景区所辖范围，距离黄山南大门4公里，离黄山景区换乘中只需要10分钟即可。翡翠新村别墅被安徽省列为“农家乐”旅游接待示范点，是一片私营休闲生态农家乐度假村，占地面积500亩。客栈为入住宾客提供风景区内接送、黄山精美导游图、推荐景点、做行程安排。是旅游、休闲、度假人士的理想停居之所。	['开业：2021', '装修时间：2021', '客房数：11']	https://hotels.ctrip.com/hotels/detail/?hotelId=73719781	联系方式：18955990001
4	合肥金环大酒店	合肥金环大酒店位于合肥市一环路金屯立交桥东侧，毗邻中隐于市创业文化街，步行到省电力公司约10分钟，周围约3公里有多家诸如安医附院，中医院、卫健委、卫生厅、徽商期货、安徽检察院等企事业单位，邻近合肥工业大学、中国科学技术大学等知名高校，交通便利。	['开业：2003', '装修时间：2010', '客房数：150']	https://hotels.ctrip.com/hotels/detail/?hotelId=749195	联系方式：0551-62210666
4	黄山太平国际大酒店	黄山太平国际大酒店是祥龙集团斥资按星酒店标准投资兴建，酒店位于安徽省黄山市黄山区，位于黄山、九华山、太平湖“两山一湖”之间，地理位置优越，交通便利，距黄山风景区北门仅需20分钟路程。融合了高端、商务等特色元素，设计奢华大气。各类型客房230余套，让您体验**便利与舒适，3个同时容纳1600人就餐的宴会厅， 多功能会议厅10个、特色徽式餐饮包厢21个、KTV、电影院、茶室、棋牌室等服务项目，是集商务、餐饮、旅游、会议、娱乐等一体的现代化高奢酒店。	['开业：2005', '装修时间：2014', '客房数：238']	https://hotels.ctrip.com/hotels/detail/?hotelId=757955	联系方式：0559-8513999
4	黄山云羽竹村宿度假酒店	云羽竹村宿度假酒店位于黄山市黟县木坑竹海景区内，又名“滴翠谷”，以竹海出名，是电影《卧虎藏龙》取景地之一，此谷纵深六公里，四面环竹郁郁葱葱。靠近宏村景区，经过塔川景区，向山上进发的路多为蜿蜒的山路。云羽竹村宿度假酒店坐落在木坑村高处，海拔600多米，背靠竹林，远眺整个山村，四季常有云海缭绕，将舒适、雅致、自然融合在一起。苍翠深处，粉墙黛瓦白云人家若影若现。距离“画里乡村”宏村4公里，	['开业：2021', '装修时间：2021', '客房数：28']	https://hotels.ctrip.com/hotels/detail/?hotelId=76116741	联系方式：17705591122
4	黄山安持华府酒店	酒店属于黄山安持置地有限公司，（以下简称“安持置地”）系深圳市前海股份有限公司（以下简称“前海集团”）于2017年6月在黄山成立的房地产开发企业，注册资本壹亿元。在巩固住宅开发固有优势的基础上，业务已覆盖酒店运营、物业服务、文化旅游、生态农业、文化基金、美学艺术等多个领域，为更好地参与城市空间与服务的重构，实现可持续发展奠定了良好基础。	['开业：2021', '装修时间：2021', '客房数：268']	https://hotels.ctrip.com/hotels/detail/?hotelId=77209659	联系方式：0559-2312333
4	天柱山陋室邂逅民宿	2021-07-01开业，相信天柱山陋室邂逅民宿周到的服务和一流的设施，会让您在潜山开展一段难忘的旅行。</br>酒店对客房的装饰十分考究，每间设施齐全的客房都配备有雨伞、熨衣设备和空调。有饮水需求的旅客，酒店还为您提供了瓶装水。浴室配有拖鞋、24小时热水和吹风机。酒店提供中餐厅，以诱人的美食佳肴来满足客人。可以去酒店咖啡厅，舒适的环境，可供您休憩放松。如果您喜欢安静的用餐，酒店可以提供房间送餐服务。</br>酒店提供室外泳池，旅客可以在这里舒缓身心压力。酒店的会议厅提供优质服务，是众多商旅客选择入住这里的原因。酒店为旅客提供接站服务，舒适到家。	['开业：2021', '装修时间：2021', '客房数：12']	https://hotels.ctrip.com/hotels/detail/?hotelId=77239680	联系方式：18075346831
4	桔子酒店(合肥淮河路步行街大东门地铁站店)	酒店位于合肥市包河区巢湖路，万达广场与淮河路步行街交汇。大东门地铁站B出口。	['开业：2016', '装修时间：2019', '客房数：150']	https://hotels.ctrip.com/hotels/detail/?hotelId=775411	联系方式：0551-63661886
4	诗莉莉漫戈塔·天榕庄度假酒店	坐落于高铁北站的诗莉莉漫戈塔天榕庄度假酒店，会让您在黄山拥有别样的体验，开展一段难忘的旅行。</br>优美的环境，再搭配上细致周到的服务，酒店的休闲区定能满足您的品质需求。	['开业：2021', '装修时间：2021', '客房数：46']	https://hotels.ctrip.com/hotels/detail/?hotelId=78158258	联系方式：18905596623
4	维也纳国际酒店(黄山风景区南大门店)	维也纳国际酒店（黄山风景区南大门店）位于安徽省黄山市黄山区汤口镇汤川路，黄山脚下，安宁宿归。水清人美惹人醉，维也纳长明待君回。酒店步行至南大门换乘中心约7分钟，距离G3京台高速出口2.5公里；高品质的客房产品，设施细致，温馨的服务，带给您自然、静谧、温暖、朴实的健康生活方式。酒店所有客房均采用智群特别定制优质床品、全套高端洗浴用品、100M高速光纤、全Wifi覆盖。酒店设有餐厅、洗衣房、台球室、洗熨烘干自助洗衣房，为您提供一个自在、放松的居停空间，是您商务、旅游出行的优质选择。  维也纳国际酒店以经典艺术、健康美食、智能化为产品设计理念，致力于为宾客提供集“超值、安全、美食、深眠、艺术、健康、环保”为一体的商旅享受，；营造一种全新的生活方式，既是客户出差在外方便的办公室，又是旅途中温馨的家。维也纳酒店具有“精品、舒适、超值”的特点，竭力为客户带来典雅的酒店氛围、古典的设计风格、舒适的睡眠环境、豪华的卫浴设施和方便的商务会所，让客户的商务行程更加轻松便捷，从容地面对未来的挑战	['开业：2021', '客房数：104']	https://hotels.ctrip.com/hotels/detail/?hotelId=80127808	联系方式：0559-5566999-0
4	黄山云门山居民宿	黄山云门山居民宿是黄山新开的酒店之一，于2017-05-01正式运营。屯溪机场距离酒店大约58km，黄山北站距离酒店大约46km。</br>酒店对客房的装饰十分考究，每间设施齐全的客房都配备有雨伞、房内保险箱和液晶电视机。服务人员会提前为您准备好电热水壶和免费瓶装水，以满足您的饮水需求。浴室配有拖鞋、24小时热水和吹风机。酒店内的中餐厅供应特色菜肴，来满足旅客的需求。大堂吧旨在为旅客和您的朋友提供一处消遣的场所。倘若您觉得酒店的餐饮服务无法满足您的需求，附近的徽州美食(20年老店)（徽菜）、乡村农家土菜·私房菜（徽菜）和两岸一品轩（徽菜）不妨可以试试。</br>酒店提供的室外游泳池对于那些想要健身的旅客来说是一个好去处。酒店的会议厅将热情的服务与专业的素质完美地结合在一起。酒店为旅客提供接站服务，舒适到家。免费停车场会对入住酒店的客人开放。	['开业：2017', '客房数：9']	https://hotels.ctrip.com/hotels/detail/?hotelId=8039428	联系方式：0559-5579777
4	黄山歙县兰信金陵嘉珑酒店	酒店位于徽州古城所在地歙县，感受徽州古城的独特魅力。	['开业：2021', '客房数：230']	https://hotels.ctrip.com/hotels/detail/?hotelId=80398371	联系方式：0559-5276666
4	歙县南屏水天一舍民宿	古有兰亭茂林修竹，曲水流觞；今有南屏樟翠桃红，碧波如洗。南屏.水天一舍坐落在被誉为有徽州洱海之称的黄山市歙县南屏村。徽州古城、渔梁古坝、雄村、新安江山水画廊、卖花渔村等旅游景点环绕周围，面朝新安江，背靠万亩枇杷园、茶园。南屏.水天一舍是一座高端民宿与美术馆的综合体，占地面积1078平方米，建筑面积1200平方米，为三层现代徽派建筑，一、二层建有十间客房、每间客房面积约五十平方米，建筑和装修设计以现代新徽派为主结合日式风格，舒适、雅致。室内装修材料及家具均采用北美黑胡桃实木，全屋进口中央空调、地暖、卫浴、床品、洗漱用品。架空层为五百平米的多功能美术馆，是集公共教育、文化服务、研学交流、宣传创作、品鉴流通、展览收藏为一体的多功能美术馆。另配有餐厅、会议室、影音室等，设施完善、先进。南屏.水天一舍将坚持以新时代中国特色社会主义思想为指导，力争成为徽文化产业和现代旅游经济深度融合的艺术阵地，成为推广徽文化做好徽文章的重要窗口。	['开业：2021', '客房数：10']	https://hotels.ctrip.com/hotels/detail/?hotelId=80437098	联系方式：19855909788
4	无名初自然疗愈酒店	无名初自然疗愈酒店位于安徽省黄山市黟县丰梧村，酒店总面积为64亩，建筑占地面积约为4000平方米。靠山面田、以山水阡陌入景，造园林楼阁隐世。	['开业：2021', '客房数：21']	https://hotels.ctrip.com/hotels/detail/?hotelId=80525871	联系方式：18055961555
4	潜山西津渡民宿	大别山，自北向南，临长江而止。     连绵起伏近400公里的大别山脉，把最美丽的部分全部汇聚在一起，造化了神奇的天柱山，擎天一柱、直插云霄。于是，天柱山成为大别山收官之作，更是点睛之作！ 在天柱山南麓，清澈的山涧溪水沿潺溪而下，穿石牛古洞注入潜河，再和北麓融汇的皖河会交于潜山小城，两条河流像张开的双臂，把小城紧紧的环抱起来，最终汇入长江。 野人寨，天柱山门户所在地，这里文化璀璨，历史深厚。古潜阳十景有六处均在这里。诸如吴塘晓渡、酒岛流霞、诗崖簌玉等，每一个胜景背后，都是一段响当当的文化沉淀。 陌上西津渡民宿，是在原吴塘晓渡旧址重建的邻水高端乡村精品民宿。也是大别山最末端。门口的古渡口及潺溪注水口遗址尚存。这里依山傍水，翠岭连绵，溪谷环绕，碧坞烟霞，曲径通幽。这个以书店为主题特色的乡村民宿，恰到好处把文化渗透到民宿每一个细节里。重温或者做一次洗礼古皖文化。 民宿占地面积约900平方，共有客房9间（其中有7间邻水江景房），另配置有安徽省**质的乡村公益图书馆，藏书约1万册。沿河还有室内阅读区、户外活动休闲区等，是商旅网络，文化交流、休闲度假的推荐场所。	['开业：2021', '客房数：10']	https://hotels.ctrip.com/hotels/detail/?hotelId=80797310	联系方式：0556-5728159
4	宽心阁民宿	宽心阁民宿坐落于黄山风景区汤口镇山岔村下东坑组，民宿毗邻凤凰源、翡翠谷、九龙瀑、天湖漂流等景区，距离南大门约15分钟车程、翡翠谷约5分钟、宏村约45分钟。	['开业：2021', '客房数：10']	https://hotels.ctrip.com/hotels/detail/?hotelId=80814999	联系方式：15856672299
4	黄山风景区南大门汤口漫心酒店	酒店位于安徽省黄山市黄山区汤口镇黄山风景区脚下，距离上山换乘中心约200米，交通便利，出行上山畅通。	['开业：2021', '客房数：82']	https://hotels.ctrip.com/hotels/detail/?hotelId=80888495	联系方式：0559-5562999
4	合肥黄山路中科大亚朵酒店	合肥黄山路中科大亚朵酒店是亚朵集团旗下的一家中高端连锁酒店，位于蜀山区黄山路254号华冶金石广场，地理位置优越，交通便利，酒店客房位于25-32层，可俯瞰城景。眦邻中国科技大学、安徽医科大学、安徽大学龙河校区、安医附院等高校学区及医学院，校区周边拥有众多特色美食供您选择。距淮河路步行街、李鸿章故居、包公园等旅游胜地约5.5公里,车程15约分钟，距合肥南站合肥站8公里左右,车程约20分钟。酒店周边有大型购物商场之心城、国购广场、百大购物中心等满足顾客工作、出行、购物、游玩的需求。酒店的设计理念是以阅读和人文摄影为主题，高品质的客房产品结合细致温馨的服务，带给您”自然、静谧、温暖、朴实“的健康生活方式。客房均采用堪比星级的普兰特系列优质床品，中央空调，全套草本系列洗浴用品，100M高速光纤，全WIFI覆盖。酒店设有餐厅（相招）、多功能会议室（共语）、自助洗衣房（出尘）、健身房（汗出）及阅读会友书吧（竹居），为您提供一个自在、放松的居停空间。为中高端商旅人士打造理想的住宿体验。能够在这里休憩、充电、得到心灵上的放松及人生感悟的共鸣。	['开业：2021', '客房数：110']	https://hotels.ctrip.com/hotels/detail/?hotelId=80908623	联系方式：0551-65521888
4	合肥盛捷天鹅湖服务公寓	合肥盛捷天鹅湖服务公寓位于市政务文化新区中心地段，毗邻两大经济开发区—合肥经济技术开发区与合肥高新技术产业开发区，众多跨国企业进驻于此。公寓位于美丽的天鹅湖畔，在房间内便能俯瞰城市公园风景线。公寓周围生活配套设施一应俱全，汇集万达、银泰城、华润万象城等高端购物中心，步行数分钟就能到达市政公园，前往合肥大剧院、合肥奥体中心只要5分钟车程。公寓距离火车西站、高铁站只有15分钟车程，距离合肥新桥国际机场只有45分钟车程，交通便利。 	['开业：2017', '装修时间：2017', '客房数：250']	https://hotels.ctrip.com/hotels/detail/?hotelId=8125585	联系方式：0551-66106888
4	黄山风景区换乘中心麦客达温德姆酒店	黄山风景区换乘中心麦客达温德姆酒店位于黄山市黄山风景南大门，在风景区最核心地段，距离京台高速黄山风景区出口100米，在黄山换乘中心总站（所有上山游客必须在此换乘）正对面，毗邻肯德基等连锁餐饮、黄山风景区立体停车场。	['开业：2022', '客房数：198']	https://hotels.ctrip.com/hotels/detail/?hotelId=81294344	联系方式：0559-5579666
4	黄山太平湖·望湖山舍度假民宿	民宿坐落于太平湖畔是国家AAAA级风景区，国家一级水源保护区（黄山区饮用水）是黄山旅游区的重点风景区之一；介于黄山、九华山之间，北距佛教圣地九华山南大门30公里，南距国之瑰宝黄山北大门耿城镇30公里，地理位置十分优越。湖光山色得天独厚，湖水清澈碧透，青山起伏连绵，水风姿绰约，岛屿散落如珠，被誉为"黄山情侣"、"中华翡翠"、"世界明珠"、"东方日内瓦湖"。湖中点缀着大小不同、高低不等的岛屿，它们错落有致、似断似连地飘浮在万顷波澜间，仿佛是一座座海上仙山，令人遐想联翩。湖周青山隐隐，炊烟袅袅，好一派美丽恬静的山野风光。	['开业：2021', '客房数：11']	https://hotels.ctrip.com/hotels/detail/?hotelId=81306954	联系方式：13406352999
4	世京二十三民宿	世京园自1996年5月30日开工建设，依托自有果园，配备餐饮，会议，采摘，书吧等特色内容，园区面积达600余亩。世京.二十三设计民宿于2019年开始筹备，有十四个房间，另有独立的早餐厅，儿童房及茶室。1996年到2019年，我们扎根农村自主创业已经有二十三年，亲眼见证了乡村振兴的过程，亲自接待了近百万的客人。这份坚持源自对这片土地深入骨髓的热爱，更多来自多年来大家不离不弃的支持。二十三年，再见面仍携初心。	['开业：2021', '客房数：14']	https://hotels.ctrip.com/hotels/detail/?hotelId=81422661	联系方式：15156387977
4	宏村玉见秀里精品艺术酒店	宏村玉见秀里精品艺术酒店位于宏村景区外、秀里景区内，毗邻赛金花故居。	['开业：2018', '装修时间：2019', '客房数：15']	https://hotels.ctrip.com/hotels/detail/?hotelId=8179189	联系方式：0559-5185988
4	合肥安港大酒店	合肥安港大酒店坐落在商业繁华、具有浓郁文化氛围的合肥市芜湖路上，东北角为雄伟磅礴的安徽图书馆和风景秀丽的包孝肃公祠；东依宋街和合肥龙虾一条街；西与安徽大剧院、电讯大楼为邻，地理位置优越。	['开业：1993', '装修时间：2016', '客房数：138']	https://hotels.ctrip.com/hotels/detail/?hotelId=825419	联系方式：0551-62288999-6777
4	九华山九茗幽圃民宿	九华山九茗幽圃民宿位于中国“四大佛教圣地”之一、世界地质公园、中国5A级景区九华山山上，核心景区内。 东晋隆安五年,天竺僧人杯渡来山创建茅庵,传经布道,此为佛教初传九华,从此法轮常转,香火绵延。唐代开元年间,新罗僧金乔觉卓锡九华,应化为地藏灵迹,九华山遂被辟为地藏菩萨道场,僧众云集,寺庙日增,影响迅速扩大。“胜境层层别，高僧院院逢”，香火之盛甲于天下。	['开业：2021', '客房数：17']	https://hotels.ctrip.com/hotels/detail/?hotelId=82604289	联系方式：18956631112
4	黄山东门美居酒店	美居酒店为法国雅高酒店管理集团旗下的中高档酒店品牌，在全球60余个国家分布超过800家酒店，是全球极具知名度的品牌酒店。酒店位于黄山市黄山区谭家桥东黄山国际小镇，近京台高速、合铜黄高速谭家桥出口，距离黄山风景区南大门（汤口）约10分钟车程，1小时车程可达宏村、西递、棠樾牌坊群、黄山市太平湖风景区等知名景点。酒店拥有各类智能客房110间，精心的法式设计，彰显浪漫优雅，为您的出行提供更好的体验。酒店一层配有早餐厅，可同时容纳60余人用餐，具有法式和黄山本地特色的中西式早餐，为您一天的出行提供满满的能量。酒店还配备24小时健身房，自助洗衣房，百兆高速Wi-Fi无线网络。优越的地理位置和贴心的服务都将为您的休闲度假和商务出行带来无与伦比的体验	['开业：2021', '客房数：110']	https://hotels.ctrip.com/hotels/detail/?hotelId=82650899	联系方式：0559-8572777
4	九华蓮里民宿	开业于2021-10-31，相信无论您是一日游还是深度游，九华蓮里民宿都是您青阳之行的不二选择。</br>酒店提供的体育和休闲设施，旨在为旅客营造多姿多彩的住宿体验。	['开业：2021', '客房数：20']	https://hotels.ctrip.com/hotels/detail/?hotelId=82814282	联系方式：13355663666
4	黄山竹林山舍民宿	黄山竹林山舍民宿位于美丽的黄山风景区寨西芳村新村度假区，客房总数16间，距东台高速汤口出口约5分钟车程。客栈面对竹海。背靠山谷，山谷中有竹林，茶园和小溪，夏日 谷中凉风习习，夜晚听着山泉入睡。客栈共有16间房，均以李白的名诗《送温处士归黄山白鹅峰旧居》中的诗句命名，每个房间皆可以观山景，部分房间有露台，大厅有酒吧区，并且配备了进口的壁炉，可以在这里听舒缓的音乐，免费品尝老板自家产的黄山毛峰，和热情的老板聊个海阔天空。刚刚走过的路，转眼就成为人生的路，竹林山舍，一个给您美好回忆的地儿！	['开业：2017', '客房数：14']	https://hotels.ctrip.com/hotels/detail/?hotelId=8291186	联系方式：0559-5567189
4	合肥政务区天鹅湖轻居酒店	酒店位于合肥政务区祁门路1777号。轻居酒店是亚朵集团旗下专注年轻商旅的酒店品牌。酒店设计是以轻生活、轻社交为主题，此次2.0产品更是融入了音乐元素，是年轻人社交旅居的全新空间。酒店毗邻天鹅湖；地理位置优越，环境优美。酒店24小时开放式的洗衣房，随时为您提供方便，机器人宝宝随时准备为您服务，自助行李存储，让您的旅途更加方便，开放式书吧，舒适的环境，让您自由遨游知识的海洋。精彩纷呈，期待您的光临。	['开业：2021', '客房数：85']	https://hotels.ctrip.com/hotels/detail/?hotelId=83097914	联系方式：0551-65619555
4	黄山维利斯主题酒店	黄山维利斯主题酒店主题酒店座落于国家AAAAA级景区古徽州文化旅游区发源地之一的岩寺古镇。作为自主原创品牌，维利斯(VILIS) 主题酒店以“您好，欢迎回家”为酒店文化，秉承定制专属、待人如己、创新精神三大法则，融入童年记忆、青春岁月、浪漫流年、家庭时光的元素，依托古徽州的浓厚文化底蕴，致力于打造独特性、文化性和体验性于一体的主题酒店。酒店客房有花好月圆、多啦A梦等主题房、豪华大床房、家庭标准间以及生活便利店、餐饮包厢、健身房、棋牌室、停车场等设施。我们期待您的入住，将是维利斯创新发展的不竭动力；我们相信您的入住，将是您生活旅游中的不悔选择！	['开业：2017', '客房数：50']	https://hotels.ctrip.com/hotels/detail/?hotelId=8357780	联系方式：0559-5211111
4	安庆吾悦广场亚朵酒店	安庆吾悦广场亚朵酒店是上海亚朵商业管理（集团）有限公司旗下一家高端连锁酒店，位于迎江区皖江大道与龙眠山路交口，毗邻吾悦广场、菱湖公园、安庆市科技馆、黄梅戏艺术中心、城市规划展馆。地理位置优越，交通便利，距离安庆火车站约4公里，距离长途汽车站约3公里。配有流动图书馆竹居、相招餐厅、汗出健身房、出尘洗衣房、共语会议室。酒店设计理念是以阅读和人文摄影为主题，高品质的客房产品，设施细致温馨的服务，带给您“自然，静谧，温暖，朴实”的健康方式。所有客房均采用堪比星级酒店的普兰特系列优质床品、智能客控语音系统、全套高端亚朵萨合洗浴用品，房间配备冰箱、100M高速光纤，全WIFI覆盖，停车场，24小时热水。为中高端商旅人士打造理想的住宿体验，能够在这里休憩、充电、得到心灵上的放松及人生感悟的共鸣。	['开业：2021', '客房数：103']	https://hotels.ctrip.com/hotels/detail/?hotelId=83644078	联系方式：0556-5577555
4	合肥艺龙朗悦酒店	酒店位于合肥经济中心滨湖新区，毗邻南北主干道徽州大道，滨湖时代广场对面，酒店视野开阔，可俯瞰合肥美景，紧邻建设银行、农业银行等安徽省行，可打卡巢湖、金斗公园、滨湖塘西河公园、合肥市文化馆、渡江战役纪念馆、融创茂、融创乐园、首创奥特莱斯，领略合肥滨湖新区的魅力。	['开业：2021', '客房数：102']	https://hotels.ctrip.com/hotels/detail/?hotelId=83709154	联系方式：0551-65229988
4	和颐酒店(合肥经开区大学城繁华大道地铁站店)	首旅如家旗下中高端品牌和颐酒店(合肥经开区大学城繁华大道地铁站店)位于合肥市经济技术开发区核心位置，地处中环购物中心和正大广场双商业核心地段、大学城（安大、合工大、润安公学、安徽省艺校）、正大广场、安徽医科大学第二附属医院、明珠广场、天鹅湖万达广场、金潜广场、万象城、新地中心、银泰城、置地广场、奥体中心、徽园、翡翠湖风景区、海洋世界、会展中心、三河古镇，地铁三号线繁华大道站（可乘坐3号线至图书馆站换乘4号线直达合肥南站），交通便利。 	['开业：2019', '装修时间：2019', '客房数：115']	https://hotels.ctrip.com/hotels/detail/?hotelId=845232	联系方式：0551-62580777
4	FunGee欢致酒店(合肥淮河路步行街大东门地铁站店)	欢致酒店是慧友美宿集团旗下的欢乐酒店品牌。在欢致，我们强调玩，强调无所不在的快乐，除了住，欢致的一切都让你乐在其中。如果你是个快乐崇拜者，那你一定要来欢致。	['开业：2022', '客房数：73']	https://hotels.ctrip.com/hotels/detail/?hotelId=85235726	联系方式：0551-69133888
4	宏村青梅学社·诗莉莉温泉酒店	“郎骑竹马来，绕床弄青梅”，酒店位于“画里乡村”，宏村，景区入口附近约5分钟路程。	['开业：2018', '装修时间：2018', '客房数：50']	https://hotels.ctrip.com/hotels/detail/?hotelId=8541897	联系方式：0559-2761666
4	九华山云涧民宿	2021-12-31开业，相信九华山云涧民宿周到的服务和一流的设施，会让您在青阳开展一段难忘的旅行。</br>酒店休闲区提供了各类设施，您可以在这里舒缓身心压力。	['开业：2022', '客房数：28']	https://hotels.ctrip.com/hotels/detail/?hotelId=85467080	联系方式：13385661666
4	九华山溪隐竹舍民宿	旅客若想住在青阳的九华山脚下，那么九华山溪隐竹舍民宿将会是一个便捷的选择。</br>酒店提供的休闲设施，旨在为旅客营造多姿多彩、奢华完美的住宿体验。	['开业：2022', '客房数：12']	https://hotels.ctrip.com/hotels/detail/?hotelId=85467109	联系方式：13053292166
4	宏村作闲艺术·微酒店	宏村作闲·艺术微酒店是位于宏村景区外西门售票处旁边的一家徽派与现代结合的调性民宿型酒店，酒店内设有影院式大厅，徽派茶室以及非常受现代人喜欢的壁炉夜谈区域，非常适合想来这边放松自我的客人，酒店还设有天台酒吧，露天餐厅以及多人会议室，也很适合公司团建及朋友聚会。酒店共有25间特色客房，客房内选用轻薄鹅绒被，高端品牌洗浴用品，地暖与中央空调的完美结合只为给客人带来**的入住体验。	['开业：2022', '客房数：25']	https://hotels.ctrip.com/hotels/detail/?hotelId=85542169	联系方式：15375592429
4	岚舍设计美墅	坐落在黄山汤口南大门，岚舍设计美墅在黄山占尽地理之宜。</br>客房内的所有设施都是经过精心的考虑和安排，包括空调和房间内高速上网，满足您入住需求的同时又能增添家的温馨感。服务人员会提前为您准备好电热水壶，以满足您的饮水需求。倘若您在忙碌的一天后想在自己的客房内放松，提供拖鞋和24小时热水的客房浴室是不错的选择。旅客可以在酒店的中餐厅中挑选自己喜爱的风味美食。贴心的送餐服务可以满足那些喜欢在私人场合进餐的旅客。若是觉得酒店的餐饮无法满足您挑剔的味蕾，附近赵家六道菜（徽菜）的徽州臭鳜鱼、老谢徽菜馆（徽菜）的香辣臭豆腐和徽州一品轩·老徽州味道（徽菜）的铁板毛豆腐或许能勾起您的食欲。</br>旅客可以在闲暇时间去酒店的休闲区，提升健康幸福感。24小时开放的前台服务可为您随时提供信息，以帮助您探索这个魅力之都。	['开业：2021', '客房数：18']	https://hotels.ctrip.com/hotels/detail/?hotelId=87273931	联系方式：13955978177
4	宏村驿境·桂香园酒店	酒店位于黄山宏村景区外靠近秀里影视城赛金花故居旁，近塔川秋色、秀里影视城向东约500米（醉美秋色S218国道旁 可田园火锅及篝火晚会 BBQ）。	['开业：2017', '装修时间：2017', '客房数：31']	https://hotels.ctrip.com/hotels/detail/?hotelId=8900210	联系方式：17755933977
4	89250912.json	-	[]	https://hotels.ctrip.com/hotels/detail/?hotelId=89250912	-
4	宜尚酒店(芜湖东湖公园迎宾大道店)	酒店隶属于东呈酒店集团旗下的中高端酒店品牌是一家集会议、住宿、简餐于一体的综合性商务酒店，配有80人的会议室和20人的董事会会议室2种设有高端的会议茶歇区，位于东湖公园和大润发商圈附近，同时配备洗衣房、健身房、书吧等配套设施，餐厅能同时容纳50人同时用餐。	['开业：2022', '客房数：100']	https://hotels.ctrip.com/hotels/detail/?hotelId=91000323	联系方式：0553-8138688
4	黄山隐溪逸舍民宿	黄山隐溪逸舍民宿位于黄山脚下南大门,民宿被山溪环绕，背靠竹山，在繁华的汤口镇上显得格格不入，故取名隐溪。	['开业：2017', '装修时间：2019', '客房数：19']	https://hotels.ctrip.com/hotels/detail/?hotelId=9110773	联系方式：17755951566
4	宏村德邻堂精品客栈	宏村德邻堂精品客栈地处宏村售票，属于典型的徽派建筑，地理位置优越，闹中取静，出门即可乘坐大巴到黄山风景区，黄山高铁站，屯溪老街，黄山火车站，到达木坑竹海，塔川秋色，木雕楼，都很便捷。	['开业：2017', '客房数：11']	https://hotels.ctrip.com/hotels/detail/?hotelId=9547619	联系方式：13955974907
4	九华山大好河山度假酒店	酒店坐落于九华山天台下院的千年古镇---庙前镇，交通极其便利，是朝佛九华山的必经之地。酒店建筑面积万余平方米，以徽派庭院风格为主调，内部装饰古朴简约，尽显佛文化与徽州文化的恬静儒雅。酒店配套设施齐全，拥有各类客房100余间（套），配有风格各异的豪华餐饮包厢9间，中西自助餐厅、多功能宴会厅可容纳50桌宴席，大小会议室2个，商务中心及旅游品商场等娱乐休闲服务配套一应俱全。是您商务旅游、朝佛九华下榻休憩的理想场所。山水人将以“宾客至上”为经营宗旨诚待八方宾客。	['开业：2014', '装修时间：2015', '客房数：101']	https://hotels.ctrip.com/hotels/detail/?hotelId=979382	联系方式：0566-5599999
4	芜湖新百金陵大酒店	芜湖新百金陵大酒店由南京金陵酒店管理公司管理，酒店位于芜湖繁华的中山路步行街，雄踞城市CBD正中央，毗邻芜湖政务、文化核心区域，出行极为便利。	['开业：2010', '装修时间：2018', '客房数：376']	https://hotels.ctrip.com/hotels/detail/?hotelId=980690	联系方式：0553-5978888
4	宜临国际大酒店(合肥合作化路店)	宜临国际大酒店（合肥合作化路店）是由安徽食为先酒店集团投入巨资建造的第二家综合性酒店，融合国际星级标准和精品酒店理念，集客房、餐饮、会议、商务、休闲服务为一体，为西南城区及由此辐射的省城周边广大顾客提供时尚和优质安全的服务。	['开业：2014', '装修时间：2018', '客房数：231']	https://hotels.ctrip.com/hotels/detail/?hotelId=994005	联系方式：0551-62978222
